,1980,1981,1982,1983,1984,1985,1986,1987,1988,1989,1990,1991,1992,1993,1994,1995,1996,1997,1998,1999,2000,2001,2002,2003,2004,2005,2006,2007,2008,2009,2010,2011,2012,2013,2014
GlobalTotal,1127.564348342,1227.074072446,1261.740304181,1239.274095079,1291.496732783,1257.951012754,2387.1873117989,2579.5283511966,2698.744749469,2786.0449430937,3068.7797121825,3293.3903254196,3891.2926415778,3980.8251971213,4138.6507117961,4313.4684229181,4498.6044601035,4444.9390495214,4493.828008756,4771.366616998,5166.2541154513,5417.3521064306,5630.7346591718,5838.115552748,6150.1557599582,6403.3418704149,8517.0548362692,8597.4814599762,8712.7756992369,8897.8829792388,9424.5572466159,9750.5330156515,10054.7984781619,4480.9,3067
Afghanistan,,,,,,,,,,,,,,,,,,,,,,,,,,,,,,,,,,NA,NA
Albania,NA,NA,NA,NA,NA,NA,0.28,0.21,0.14,0.14,0.084,0.02538,0.02626,0.02158,0.01491,0.0139,0.01284,0.01172,0.00987,0.0080995945,0.0083721148,0.0402420384,0.0084085918,0.0083789425,0.0408992951,0.042021189,0.013501063,,,0.0083018466,0.0042014959,0.0077719562,0.0029997104,NA,NA
Algeria,NA,NA,NA,NA,NA,NA,115.17383,132.82332,137.86031,137.59558,179.2753,180.07202,175.66006,178.84719,174.86317,172.01835,179.57369,215.45294,235.41293196,266.6395401,304.152598503,311.331877584,320.119595759,312.691629364,291.957637158,297.883674312,276.375532175,289.575526988,291.241674111,281.019956258,258,252,235,NA,NA
American Samoa,NA,NA,NA,NA,NA,NA,,,,,,,,,,,,,,,,,,,,,,,,,,,,NA,NA
Angola,NA,NA,NA,NA,NA,NA,0.5124,0.51222,0.60646,0.54509,0.60917,0.57729,0.57601,0.60926,0.60871,0.61089,0.67081,1.16157,0.97021,0.9491296548,1.0019693224,1.0382521699,1.2943486247,1.3272499069,4.5335282169,4.8221715069,19.6010623123,21.4473430138,21.3837813699,19.6291390795,17,18,18,NA,NA
Antarctica,NA,NA,NA,NA,NA,NA,,,,,,,,,,,,,,,,,,,,,,,,,,,,NA,NA
Antigua and Barbuda,NA,NA,NA,NA,NA,NA,,,,,,,,,,,,,,,,,,,,,,,,,,,,NA,NA
Argentina,NA,NA,NA,NA,NA,NA,34.78188,47.46802,51.39359,51.03992,52.80825,56.39281,63.73355,64.23615,65.82899,73.16392,74.10205,72.38714,76.59924,82.7538752438,84.9433229508,117.91811941,112.87312376,134.07732109,143.20859257,138.73850237,145.601490942,139.437334112,136.65336844,137.046930356,130,113,128,NA,NA
Armenia,-,-,-,-,-,-,-,-,-,-,-,-,,,,,,,,,,,,,,,,,,,,,,NA,NA
Aruba,NA,NA,NA,NA,NA,NA,,,,,0.0112,0.0103,0.00833,0.00833,,,,,,,0.3145027322,0.3153643836,0.3153643836,0.3153643836,0.3145027322,0.3144190575,0.3242567233,,,,,,,NA,NA
Australia,61.18591802,64.39101342,61.42789833,59.57187419,65.90076228,79.43630049,77.9393350685,76.0031660274,76.431386612,74.8847575342,74.0187216438,79.7831610959,49.5082608743,55.7276056164,59.5232516438,63.0842145205,63.2321404918,55.7508658904,66.6087721918,66.8576060274,94.6447798907,101.531950685,105.348844658,104.385090137,98.0014385246,93.2040536986,104.40581411,100.958087123,98.4142261202,87.7757852055,90,105,101,95,NA
Austria,NA,NA,NA,NA,2.43989071,2.860273973,2.0328767123,2.3835616438,1.4262295082,1.2712328767,1.4657534247,1.3315068493,0.5737704918,0.6410958904,1.0821917808,1.9123287671,0.6366120219,1.397260274,0.9178082192,0.5726027397,1.1721311475,0.1287671233,0.8575342466,1.5835616438,1.806010929,3.4356164384,1.6273972603,2.2575342466,3.1065573771,2.8931506849,2.8,3.2,2.2,2.3,NA
Azerbaijan,-,-,-,-,-,-,-,-,-,-,-,-,13.02181,10.44952,16.18265,9.83767,12.92396,6.26011,2.01802,5.0343514904,1.9525910601,1.4867771836,3.2201192384,4.8983275726,5.9570315956,6.5721327562,6.4307513151,5.943013699,7.1247568498,6.3314819397,7.7,8,7,NA,NA
"Bahamas, The",NA,NA,NA,NA,NA,NA,,,,,,,,,,,,,,,,,,,,,,,,,,,,NA,NA
Bahrain,NA,NA,NA,NA,NA,NA,1.0483,5.59842,5.38963,5.30332,5.58799,7.44595,8.92675,7.90709,7.97056,8.50146,7.52211,7.0787,6.92823,6.8576967781,6.5743990492,6.5678449534,6.3745763014,6.1070579452,6.4098675956,6.563580411,6.3545712329,5.993391233,6.053571233,6.0234912329,9.3,9.2,9,NA,NA
Bangladesh,NA,NA,NA,NA,NA,NA,0.28819,0.37164,0.31882,0.2622,0.3094,0.28452,0.28055,0.38477,0.44954,0.51575,0.44472,0.54074,0.47454,0.3480810137,0.4530498907,0.6763829425,0.7051255726,1.3118425425,0.6734692568,0.6771090247,0.2946972164,0.381369863,1.4819228768,1.4233864877,0.5,0.6,0.7,NA,NA
Barbados,NA,NA,NA,NA,NA,NA,0.00653,0.0063,0.00216,0.0019,0.00724,0.00753,0.06987,0.07082,0.07054,0.00704,1.89097,0.00619,0.06035,0.0603583562,,,,,0.030532303,,,,,,0.030042,,,NA,NA
Belarus,-,-,-,-,-,-,-,-,-,-,-,-,19.58931,7.19594,5.9851,6.81434,6.67369,4.72293,4.72791,6.3787835562,7.5690637486,3.5621908712,6.5681432329,7.2872742685,13.7390921038,15.1055748493,15.9254358795,13.9517808229,15.3183561654,13.8288684767,14,15,17,NA,NA
Belgium,16.64989152,15.00545779,12.62690186,12.0396041,11.98087432,13.5369863,16.5589041096,16.9397260274,16.3551912568,16.1452054795,14.0767123288,14.5260273973,11.8196721311,12.6520547945,15.9232876712,14.5589041096,17.2459016393,19.0054794521,22.0602739726,18.495890411,24.2431693989,20.8136986301,21.0213483562,20.0413734247,16.1666666667,14.6511978082,13.002739726,14.7150684932,16.2923497268,14.4904109589,17,17,15,18,NA
Belize,NA,NA,NA,NA,NA,NA,,,,,,,,,,,,,,,,,,,,,,,,,,,,NA,NA
Benin,NA,NA,NA,NA,NA,NA,,,,,,,,,,,,,,,,,,,,,,,,,,,,NA,NA
Bermuda,NA,NA,NA,NA,NA,NA,,,,,,,,,,,,,,,,,,,,,,,,,,,,NA,NA
Bhutan,,,,,,,,,,,,,,,,,,,,,,,,,,,,,,,,,,NA,NA
Bolivia,NA,NA,NA,NA,NA,NA,6.80521,11.21486,8.88867,9.50957,5.92494,6.36189,6.13672,6.28091,6.720082252,7.900269092,8.02847,9.45561,9.79806,9.4089124932,8.5276361858,9.204792715,9.3207109863,9.9171951781,10.9455293046,9.4221725041,10.5498244493,10.7160439728,11.1091995893,10.4622032493,10,10,10,NA,NA
Bosnia and Herzegovina,-,-,-,-,-,-,-,-,-,-,-,-,,,,,,,,,,,,,,,0.1629509151,0.0635616438,0.0635616438,0.8234829425,1,0.8,0.8,NA,NA
Botswana,NA,NA,NA,NA,NA,NA,,,,,,,,,,,,,,,,,,,,,,,,,,,,NA,NA
Brazil,NA,NA,NA,NA,NA,NA,122.01847,113.50234,132.50361,106.98784,137.47104,130.80709,136.59119,140.79291,137.97986,130.57538,126.0094,126.44996,129.27935,134.784736082,133.720331913,169.947199614,175.744865774,184.7057057,192.888620679,204.914551518,179.722349945,186.193456175,179.012984257,192.211570478,194,193,207,NA,NA
Brunei,NA,NA,NA,NA,NA,NA,0.40645,0.24986,0.31005,0.28066,0.32817,0.34629,0.31982,0.43843,0.47032,0.53089,0.75042,0.57572,0.53214,0.5280684658,0.5565315082,0.5862702356,1.1906565315,1.1919960822,0.8821126776,1.1373656219,0.4396195562,0.45148,0.45148,0.4691455068,0.4,0.5,0.5,NA,NA
Bulgaria,NA,NA,NA,NA,NA,NA,3.07,3.26627,3.11398,3.255,2.80495,1.45943,3.6045,2.72903,2.67086,2.9137,4.5291,2.84012,2.54335,3.5665274192,3.2662164098,3.9851913808,3.2485043671,2.8550212822,3.4312431749,3.4578383726,4.2402025699,4.3221917811,5.1167123291,5.1116067945,4,3.9,4,NA,NA
Burkina Faso,NA,NA,NA,NA,NA,NA,,,,,,,,,,,,,,,,,,,,,,,,,,,,NA,NA
Burma (Myanmar),NA,NA,NA,NA,NA,NA,0.19461,0.14929,0.10617,0.3187,0.42779,0.49841,0.60109,0.42041,0.35772,0.33233,0.26828,0.46608,0.5604,0.4622964164,0.4922029727,0.4903579288,0.4955756219,0.366028263,0.3965926393,0.4627452219,0.4967478959,0.561949863,0.5000890411,0.4925999616,0.7,0.3,0.5,NA,NA
Burundi,NA,NA,NA,NA,NA,NA,,,,,,,,,,,,,,,,,,,,,,,,,,,,NA,NA
Cambodia,NA,NA,NA,NA,NA,NA,,,,,,,,,,,,,,,,,,,,,,,,,,,,NA,NA
Cameroon,NA,NA,NA,NA,NA,NA,0.64379,0.78417,0.78332,0.78341,0.95843,0.8734,0.63257,0.69304,0.66522,0.69801,0.72617,0.73266,0.73292,1.0846092712,0.8679136721,0.9335561699,0.606250811,0.7083334904,0.9395815792,0.8808706466,0.7554419342,0.6038356165,0.5402739726,0.5277494247,0.7,0.7,0.7,NA,NA
Canada,NA,NA,NA,NA,NA,NA,NA,NA,NA,NA,181.985253836,202.769565616,226.98299765,232.70569589,223.999402466,236.339398219,239.771719672,257.891845068,216.287456301,273.967741918,257.908859727,276.834865205,272.119020822,309.651443014,337.383393989,357.573693014,355.505815616,344.839726712,324.255650273,319.019016438,318,348,368,373,NA
Cape Verde,NA,NA,NA,NA,NA,NA,,,,,,,,,,,,,,,,,,,,,,,,,,,,NA,NA
Cayman Islands,NA,NA,NA,NA,NA,NA,,,,,,,,,,,,,,,,,,,,,,,,,,,,NA,NA
Central African Republic,NA,NA,NA,NA,NA,NA,,,,,,,,,,,,,,,,,,,,,,,,,,,,NA,NA
Chad,NA,NA,NA,NA,NA,NA,,,,,,,,,,,,,,,,,,,,,,,,,,,,NA,NA
Chile,15.215470699,14.674256841,13.326337554,13.687250437,13.817145111,13.139150278,13.6843268493,14.47321,13.8078298361,14.5178153425,13.3217653425,12.4672767123,13.606405082,14.5844461644,13.4673706849,14.1232308219,14.5498046448,14.6346082192,15.7356352055,16.6561831507,15.1619527869,17.4477590411,13.0039234247,16.6751563014,16.9398093443,15.637589863,12.095890411,12.6438356164,10.7896174863,11.0767123288,10,14,13,8.5,NA
China,NA,NA,NA,NA,NA,NA,3.815,47.671,47.90025,76.2741,86.3784,90.55,116.40739,123.18904,146.04185,175.45655,196.34137,198.13658,248.86723,245.479829726,311.481027339,311.913675726,340.5956612,393.753606666,475.691190049,466.211200827,566.1958944,618.188352508,612.343708124,597.208752537,686,695,694,NA,NA
Colombia,NA,NA,NA,NA,NA,NA,12.34124,11.82972,14.75097,15.8941,16.96079,16.61442,15.12425,15.64522,21.05297,27.58243,21.35916,22.01829,21.98591,26.1006685753,25.9930067978,26.5683318301,23.7802875671,27.7893195836,21.1029167978,21.6397658849,22.1440311671,22.1836239741,22.1836239741,20.5357130027,18,19,19,NA,NA
Comoros,NA,NA,NA,NA,NA,NA,,,,,,,,,,,,,,,,,,,,,,,,,,,,NA,NA
Congo (Brazzaville),NA,NA,NA,NA,NA,NA,0.16695,0.15367,0.14181,0.15367,0.16974,0.15108,0.14039,0.14288,0.14364,0.14284,0.14222,0.14367,,,0.0738721803,0.076592537,0.0751340438,0.141850674,0.1732749675,0.173866274,0.2396291397,0.2224657534,0.1589041096,0.3041135562,0.4,0.4,0.3,NA,NA
Congo (Kinshasa),NA,NA,NA,NA,NA,NA,0.04124,0.01718,0.0256,0.02889,0.0205,0.01256,0.04044,0.04177,0.04201,0.04269,0.04565,0.00969,0.00912,0.0019438904,0.0019385792,0.0019438904,,,,,,,,,,,,NA,NA
Cook Islands,,,,,,,,,,,,,,,,,,,,,,,,,,,,,,,,,,NA,NA
Costa Rica,NA,NA,NA,NA,NA,NA,0.17022,0.23862,0.18212,0.24371,0.13224,0.07513,0.10978,0.10287,0.14296,0.065,0.06582,0.06791,0.00159,,7.4781420765E-05,0.0214673863,0.0760459616,0.0782104,0.0881768489,0.0771901644,0.1459360658,0.1271232877,0.1589041096,0.1374011288,0.1,,,NA,NA
Cote dIvoire (IvoryCoast),NA,NA,NA,NA,NA,NA,0.36646,0.36727,0.45932,0.6523,0.65132,0.59101,0.52731,0.60817,0.61105,0.63952,0.79085,1.43532,1.67241,1.6774074301,1.2265269727,2.3154331123,2.4376515288,2.5187408822,2.6442183006,2.1947022247,1.2216210904,1.207671233,3.6547945208,3.4928406247,0.7,0.4,0.5,NA,NA
Croatia,-,-,-,-,-,-,-,-,-,-,-,-,10.43144,11.29207,11.99113,13.40496,11.62695,15.43705,12.59315,13.2003642082,14.9007992842,13.4954245918,14.2775267836,14.4214487781,14.6397228525,14.5783047507,17.5246823178,12.1279097266,12.2645487677,13.3630336658,11,9.6,8.9,NA,NA
Cuba,NA,NA,NA,NA,NA,NA,5.58799,5.90062,5.7148,6.03656,5.85183,5.1652,4.44395,3.711,3.20835,4.5111,4.327,3.56291,2.80047,3.0379256,5.1788728415,4.2201597096,3.1509964745,4.4222848055,2.9851841097,3.8460293153,2.910370959,2.7448542467,2.6319141097,1.5672691014,2,1.7,1.6,NA,NA
Cyprus,NA,NA,NA,NA,NA,NA,0.66791,0.6997,0.95205,0.84174,0.79523,0.94112,0.90758,0.87971,1.04203,0.87822,0.84459,1.04582,0.98329,1.1138875452,0.9836631366,1.0175331671,1.0793604986,0.9329171412,0.2807887433,,,,,,,,,NA,NA
Czech Republic,-,-,-,-,-,-,-,-,-,-,-,-,-,3.7506849315,3.7150684932,4.2904109589,5.6092896175,5.3698630137,4.701369863,4.5780821918,4.8524590164,6.0383561644,5.1326513699,5.6589863014,6.674394918,7.1025156164,7.6503220548,7.386570137,7.9436777049,7.2185942466,7.6,7.1,7.5,6.8,NA
Denmark,3.409732309,3.438628346,3.727588711,4.132133222,4.56557377,4.194520548,5.1479452055,5.1452054795,4.7841530055,4.4520547945,4.5150684932,4.5726027397,4.0901639344,4.2273972603,4.6410958904,4.7068493151,5.1038251366,5.9150684932,4.3205479452,5.0520547945,5.6065573771,5.2739726027,5.1479452055,5.3095890411,5.0683060109,4.7645223288,5.2410958904,5.0821917808,3.5792349727,4.4493150685,4.8,4.2,5.1,3.5,NA
Djibouti,NA,NA,NA,NA,NA,NA,,,,,,,,,,,,,,,,,,,,,,,,,,,,NA,NA
Dominica,NA,NA,NA,NA,NA,NA,,,,,,,,,,,,,,,,,,,,,,,,,,,,NA,NA
Dominican Republic,NA,NA,NA,NA,NA,NA,0.80409,0.58043,0.68333,1.04702,0.75393,0.89637,0.84436,1.04388,1.16324,0.83839,1.29437,1.20709,1.27142,1.2871818521,1.2828171585,1.2320706192,1.2500184329,1.3764609753,1.1023555683,1.1689014247,1.104569589,0.794520548,0.7309589042,0.829605737,0.9,0.7,0.5,NA,NA
Ecuador,NA,NA,NA,NA,NA,NA,6.56462,2.30438,5.52896,4.67279,7.01467,8.61316,9.66225,11.98324,11.37447,10.26734,11.64283,9.64556,7.18532,8.8557829299,11.1402636667,6.7155522137,5.7365359288,6.1869749644,6.4306070055,8.3004939671,9.6572638904,5.1698394523,7.3442071237,8.1442981206,7.8,7,7.4,NA,NA
Egypt,NA,NA,NA,NA,NA,NA,16.31471,19.43186,24.24795,27.26932,27.90849,28.51078,30.69788,35.94832,38.30288,40.98062,50.02708,44.99352,44.65619,40.5658343616,40.0411347213,50.3010484,50.6974528438,56.0192302356,53.6332244426,56.2845277534,90.6126275397,58.1047775355,62.0144406862,56.4859109534,59,61,62,NA,NA
El Salvador,NA,NA,NA,NA,NA,NA,0.90927,0.8077,0.78393,0.74245,0.83311,0.88756,0.84652,0.81423,1.3002,0.59897,0.47086,0.4846,0.59731,0.5997793589,0.4698652842,0.511207189,0.4702829753,0.3751090466,0.4829220257,0.4734205863,0.5654042795,0.6356164384,0.4449315069,0.4359759781,0.4,0.4,0.2,NA,NA
Equatorial Guinea,NA,NA,NA,NA,NA,NA,,,,,,,,,,,,,,,,,,,,,,,,,,,,NA,NA
Eritrea,-,-,-,-,-,-,-,-,-,-,-,-,-,-,0.24556,0.24037,0.2403,0.24096,,,,,,,,,,,,,,,,NA,NA
Estonia,-,-,-,-,-,-,-,-,-,-,-,-,,,,,,,,,,,,,,,,,,,,,,,NA
Ethiopia,NA,NA,NA,NA,NA,NA,0.22383,0.22798,0.1724,0.233,0.21132,0.18,0.24124,0.24368,,,,,,,,,,,0.0952614426,,,,,,,,,NA,NA
Falkland Islands (Islas Malvinas),NA,NA,NA,NA,NA,NA,,,,,,,,,,,,,,,,,,,,,,,,,,,,NA,NA
Faroe Islands,NA,NA,NA,NA,NA,NA,,,,,,,,,,,,,,,,,,,,,,,,,,,,NA,NA
Fiji,,,,,,,,,,,,,,,,,,,,,,,,,,,,,,,,,,NA,NA
Finland,3.62630709,4.482915064,3.854735883,4.568575862,4.62568306,5.021917808,5.6246575343,6.4164383562,8.6803278689,6.002739726,4.2246575343,6.7342465753,8.5601092896,8.8657534247,9.3123287671,7.1506849315,10.3989071038,9.4739726027,10.901369863,6.5150684932,6.912568306,4.9260273973,7.3397260274,8.6109589041,8.4617486339,9.9452054795,12.8410958904,11.4438356164,11.218579235,8.6821917808,7.8,12,8.1,9.8,NA
Former Czechoslovakia,NA,NA,NA,NA,NA,NA,NA,NA,NA,NA,NA,NA,NA,-,-,-,-,-,-,-,-,-,-,-,-,-,-,-,-,-,-,-,-,-,-
Former Serbia and Montenegro,-,-,-,-,-,-,-,-,-,-,-,-,NA,NA,NA,NA,NA,NA,NA,NA,NA,NA,NA,NA,NA,NA,-,-,-,-,-,-,-,-,-
Former U.S.S.R.,NA,NA,NA,NA,NA,NA,299.125,290.2339,275.62872,215.61325,NA,NA,-,-,-,-,-,-,-,-,-,-,-,-,-,-,-,-,-,-,-,-,-,-,-
Former Yugoslavia,NA,NA,NA,NA,NA,NA,NA,NA,NA,NA,NA,NA,-,-,-,-,-,-,-,-,-,-,-,-,-,-,-,-,-,-,-,-,-,-,-
France,108.103142036,98.142484577,88.930830769,84.973850075,83.845979147,91.371239663,86.3768794521,83.4918179452,93.0142125137,89.4519039726,90.021920137,95.0316493151,88.9000359563,94.4374943836,87.692880137,85.947800274,96.278060929,102.25471863,103.743973699,83.1589110959,89.7339809836,92.4364338356,79.629129589,97.554419863,94.3340024044,91.4808938356,88.1287671233,83.1726027397,92.7677595628,80.0547945205,67,60,47,47,NA
French Guiana,NA,NA,NA,NA,NA,NA,,,,,,,,,,,,,,,,,,,,,,,,,,,,NA,NA
French Polynesia,,,,,,,,,,,,,,,,,,,,,,,,,,,,,,,,,,NA,NA
Gabon,NA,NA,NA,NA,NA,NA,0.19827,0.23355,0.17876,0.35693,0.37183,0.37758,0.36822,0.56192,0.27992,0.27951,0.31225,0.56571,0.3401,0.3734492603,0.3703699891,0.2396492,0.3395771452,0.3058276164,0.3073603169,0.3080249644,0.2437801589,0.4449315069,0.5720547946,0.3032799616,0.5,0.5,0.5,NA,NA
"Gambia, The",NA,NA,NA,NA,NA,NA,,,,,,,,,,,,,,,,,,,,,,,,,,,,NA,NA
Georgia,-,-,-,-,-,-,-,-,-,-,-,-,0.74962,0.00868,0.0512,0.02,,0.00068,0.00107,0.0015451781,0.003935377,0.0270915726,0.0005649096,0.0005752658,0.0005991694,0.0006263562,0.0002881315,,,0.0003136767,,,0.0002198192,NA,NA
Germany,-,-,-,-,-,-,-,-,-,-,-,78,84,91,109,104,95,89,89,87,97,96,94,97,95,96,95,98,92,86,85,84,83,84,NA
"Germany, East",NA,NA,NA,NA,NA,NA,NA,NA,NA,NA,NA,-,-,-,-,-,-,-,-,-,-,-,-,-,-,-,-,-,-,-,-,-,-,-,-
"Germany, West",NA,NA,NA,NA,NA,NA,NA,NA,NA,NA,NA,-,-,-,-,-,-,-,-,-,-,-,-,-,-,-,-,-,-,-,-,-,-,-,-
Ghana,NA,NA,NA,NA,NA,NA,0.24902,0.15405,0.2294,0.18592,0.14894,0.18132,0.25536,0.56897,0.60054,0.60166,0.65889,0.6055,0.15454,0.1872368877,0.3477222186,0.2546232548,0.7982337918,0.8654145315,2.0829342077,2.0510277699,1.1717950301,2.1293150686,1.7479452056,0.4894215288,1,1.5,0.9,NA,NA
Gibraltar,NA,NA,NA,NA,NA,NA,,,,,,,,,,,,,,,,,,,,,,,,,,,,NA,NA
Greece,5.729609391,8.336581664,8.107397288,8.823598462,7.734972678,6.95890411,8.9616438356,9.6273972603,10.9316939891,12.0410958904,12.5534246575,13.5095890411,13.4699453552,12.7397260274,14.9397260274,15.1315068493,17.5928961749,17.8328767123,20.6547945205,17.6054794521,24.2759562842,24.2191780822,22.0520547945,21.3561643836,18.9535519126,21.0506283562,20.7534246575,20.498630137,21.0765027322,20.5616438356,22,18,21,22,NA
Greenland,NA,NA,NA,NA,NA,NA,,,,,,,,,,,,,,,,,,,,,,,,,,,,NA,NA
Grenada,NA,NA,NA,NA,NA,NA,,,,,,,,,,,,,,,,,,,,,,,,,,,,NA,NA
Guadeloupe,NA,NA,NA,NA,NA,NA,,,,,,,,,,,,,,,,,,,,,,,,,,,,NA,NA
Guam,NA,NA,NA,NA,NA,NA,,,,,,,,,,,,,,,,,,,,,,,,,,,,NA,NA
Guatemala,NA,NA,NA,NA,NA,NA,0.30894,0.29281,0.22433,0.27163,0.17454,0.30362,0.2741,0.33741,0.4348,0.67785,0.24375,0.19106,0.18011,0.4044112164,0.3109862404,0.2889744767,0.2079944548,,,0.0019815945,0.0020191068,,,0.0025086849,0.0017686027,0.0020826247,0.0018231836,NA,NA
Guinea,NA,NA,NA,NA,NA,NA,,,,,,,,,,,,,,,,,,,,,,,,,,,,NA,NA
Guinea-Bissau,NA,NA,NA,NA,NA,NA,,,,,,,,,,,,,,,,,,,,,,,,,,,,NA,NA
Guyana,NA,NA,NA,NA,NA,NA,,,,,,,,,,,,,,,,,,,,,,,,,,,,NA,NA
Haiti,NA,NA,NA,NA,NA,NA,,,,,,,,,,,,,,,,,,,,,,,,,,,,NA,NA
Hawaiian Trade Zone,NA,NA,NA,NA,NA,NA,NA,-,-,-,-,-,-,-,-,-,-,-,-,-,-,-,-,-,-,-,-,-,-,-,-,-,-,-,-
Honduras,NA,NA,NA,NA,NA,NA,0.13437,0.19762,0.16571,0.20665,0.2081,0.15815,0.16879,,,,,,,,,,,,,,,,,,,,,NA,NA
Hong Kong,NA,NA,NA,NA,NA,NA,,,,,,,,,,,,,,,,,,,,,,,,,,,,NA,NA
Hungary,10.04416011,10.79458587,9.957572523,10.15961023,10.65027322,10.42465753,9.6630136986,10.3945205479,10.9316939891,10.6794520548,10.5205479452,9.7835616438,10.174863388,10.0438356164,9.6273972603,6.7068493151,2.6639344262,2.2904109589,2.2273972603,2.3232876712,2.3825136612,2.5150684932,11.7002939726,11.7669043836,12.1608190164,11.7382194521,11.1226424658,11.3027561644,12.1549681967,10.6292042466,10,9.2,8.1,9.8,NA
Iceland,,,,,,,,,,,,,,,,,,,,,,,,,,,,,,,,,,,NA
India,NA,NA,NA,NA,NA,NA,61.844,50.84462,55.9639,85.72161,68.20707,105.39009,121.14505,128.41133,132.05247,156.6534,162.42959,165.27804,112.8404,134.956788696,190.935058016,221.232992597,230.365464334,243.106111622,247.559121388,245.051313288,264.411734148,275.952033165,287.412240152,279.728339014,302,305,309,NA,NA
Indonesia,NA,NA,NA,NA,NA,NA,25.59322,25.21757,38.72567,78.53058,83.67485,89.9855,91.13058,103.80578,93.44923,151.33623,169.1254,80.99866,127.87369,69.1629980822,67.2392085246,67.1546845205,77.3975920548,60.4756409589,61.8679421858,62.136465989,30.7142983342,43.890879317,52.2090410976,69.1265627129,77,70,76,NA,NA
Iran,NA,NA,NA,NA,NA,NA,16.8876,18.04912,19.015,23.99937,27,37.31089,51.97066,48.99525,63.31741,65.00293023,63.26175,43.79353,66.4377,100.0351242,105.4757,103.111279589,108.737476712,118.02130478,121.15611968,118.54388232,181.48367417,234.56951901,296.97066411,328.18820707,352,358,306,NA,NA
Iraq,NA,NA,NA,NA,NA,NA,36.73686,43.45288,36.46394,43.03696,30.8652,11.79042,26.33233,52.75146,52.79768,33.97811,65.24616,78.92545,47.40982,51.0168160274,51.5383927596,54.1658429863,57.0401335562,52.3290074027,32.6883942623,65.0263765151,61.817217874,32.2587594523,33.6202823291,35.7269857753,42,43,48,NA,NA
Ireland,0.931693989,0.225865209,0.423497268,0.705828779,0.508196721,0.512328767,0.8273972603,0.695890411,1.0491803279,0.9835616438,0.9260273973,0.9205479452,1.1393442623,0.8904109589,0.9863013699,1.1424657534,1.2349726776,1.4246575343,1.4246575343,1.202739726,1.4863387978,1.901369863,1.9369863014,1.8383561644,1.6775956284,1.8410958904,1.6246575343,1.0794520548,1.0464480874,1.0794520548,1.8,2.1,2.3,2,NA
Israel,5.609980183,5.760583678,5.986488921,6.965411637,6.852459016,6.235616438,6.3287671233,7.197260274,6.8825136612,6.7753424658,7.2575342466,6.904109589,9.2486338798,12.2739726027,13.7753424658,14.701369863,14.1229508197,15.7287671233,15.9479452055,14.9589041096,14.8551912568,16.7178082192,15.4383561644,15.1534246575,16.9262295082,15.5315068493,15.0219178082,16.2739726027,17.2131147541,16.5561643836,18,22,21,22,NA
Italy,59.45385685,56.13067183,59.2201954,59.35000731,58.1557377,54.69589041,58.2876712329,57.8767123288,62.1803278689,67.501369863,77.3534246575,73.0657534247,81.8661202186,69.9780821918,72.9369863014,68.6465753425,67.8579234973,72.1123287671,72.6219178082,70.9698630137,77.0491803279,77.2246575342,77.1315068493,75.4109589041,78.762295082,77.9917808219,73.4767123288,72.9726027397,71.5655737705,67.0821917808,69,68,65,59,NA
Jamaica,NA,NA,NA,NA,NA,NA,1.11374,1.25184,0.18175,0.28709,0.48419,0.34471,0.50778,1.61164,0.34104,0.19061,0.29693,0.3264,0.35013,0.079283337,0.3398272459,0.3415473479,0.4761801973,0.2463492932,0.2411501119,0.2384117918,0.3139960603,0.2542465754,0.381369863,0.3496065534,0.3,0.4,0.3,NA,NA
Japan,169.648392074,170.118740271,163.933073085,172.784199685,166.623815585,140.676581585,124.597126712,125.358770548,130.055506831,138.068359589,141.391780822,145.391780822,149.721311475,146.224657534,145.712328767,156.394520548,154.729508197,162.049315068,151.783561644,154.868493151,156.37704918,164.246575342,146.824657534,145.493150685,139.005464481,154.419178082,152.542465753,151.276712329,146.587431694,146.479452055,143,134,132,144,NA
Jordan,NA,NA,NA,NA,NA,NA,2.83746,2.95449,2.96453,3.1692,3.32291,3.09424,3.9633,4.11816,4.15271,4.47663,4.30793,4.3511,4.32617,4.2318543233,4.7043131694,4.4929580603,4.4309281315,4.1776716055,3.6628606995,3.8736144548,4.0943910411,3.4005479454,4.2459178085,3.4707624932,2.8,2.8,3.3,NA,NA
Kazakhstan,-,-,-,-,-,-,-,-,-,-,-,-,13.16333,13.14115,17.25384,19.43711,21.26532,2.16653,2.15797,1.2466009699,1.2882363989,21.5678773151,50.7553138356,49.7447901534,63.4992841913,58.2175336,65.6449259178,64.724777263,68.8186430166,85.863772137,65,62,65,NA,NA
Kenya,NA,NA,NA,NA,NA,NA,0.8791,0.88458,0.93286,0.94246,0.97334,0.90334,0.98029,0.9417,1.01303,1.0702,0.89751,0.80835,0.97171,0.9701988274,1.1346452077,0.938143337,0.8076922301,1.4131685315,0.9036783716,0.8724647781,0.9991787671,1.0487671234,1.0487671234,0.9651236088,1,0.9,0.6,NA,NA
Kiribati,,,,,,,,,,,,,,,,,,,,,,,,,,,,,,,,,,NA,NA
"Korea, North",NA,NA,NA,NA,NA,NA,0.07788,0.07788,0.07,0.0686,0.08138,0.08665,0.06706,0.06309,0.06209,0.05604,0.03099,0.03096,0.06132,0.0637707288,0.0778626831,0.016240537,0.0162732548,0.0158644164,0.0160015027,0.0135176329,0.0103674411,,,0.0097848493,0.0150252986,0.0149639671,0.0149639671,NA,NA
"Korea, South",10.45736674,11.09704609,13.51670275,16.6594752,17.68852459,20.33972603,26.6301369863,30.0301369863,32.0710382514,30.1643835616,32.8602739726,34.5780821918,40.0628415301,39.6,40.295890411,43.9506849315,43.0382513661,57.1178082192,75.4164383562,82.7534246575,93.2076502732,107.8,111.139726027,104.690410959,115.581233661,112.675298767,105.193884932,105.592612192,110.509280492,109.826133288,103,79,74,80,NA
Kosovo,-,-,-,-,-,-,-,-,-,-,-,-,-,-,-,-,-,-,-,-,-,-,-,-,-,-,-,-,,,,,,NA,NA
Kuwait,NA,NA,NA,NA,NA,NA,NA,81.29885,81.70112,96.05171,47.97613,0.53844,34.854405397,79.731720654,91.981947727,97.135071541,98.423083028,102.847633361,96.918163361,100.168833406,93.404973233,94.585093301,88.328745544,98.324907976,106.627943166,101.890855241,112.423248981,104.377180274,150.610854384,159.190673512,206,216,230,NA,NA
Kyrgyzstan,-,-,-,-,-,-,-,-,-,-,-,-,,,,,,0.00308,0.00428,0.0051269918,0.0039357596,0.0038226521,0.003179726,0.0025377589,0.0024603661,0.0027185315,0.0034827397,,,0.0008687671,0.0027020767,0.0024997479,0.0022431836,NA,NA
Laos,,,,,,,,,,,,,,,,,,,,,,,,,,,,,,,,,,NA,NA
Latvia,-,-,-,-,-,-,-,-,-,-,-,-,,,,,,,,,,,,,,,,,,,,,,NA,NA
Lebanon,NA,NA,NA,NA,NA,NA,0.58781,0.4356,0.66654,0.66954,0.441,0.13978,0.07535,0.10516,,,,,,,,,,,,,,,,,,,,NA,NA
Lesotho,NA,NA,NA,NA,NA,NA,,,,,,,,,,,,,,,,,,,,,,,,,,,,NA,NA
Liberia,NA,NA,NA,NA,NA,NA,,,,,,,,,,,,,,,,,,,,,,,,,,,,NA,NA
Libya,NA,NA,NA,NA,NA,NA,11.29891,13.52106,14.02797,12.46719,13.3257,14.84036,15.43417,16.98449,18.84781,19.858223483,19.80936,20.6632,24.04246,22.8609789534,27.1658411475,27.0994970137,27.6732547726,30.8300056055,25.4433910929,25.435556811,18.90050793,23.9369535624,21.1957583568,21.9109276548,20,11,14,NA,NA
Lithuania,-,-,-,-,-,-,-,-,-,-,-,-,4.00265,5.23381,4.98273,5.37122,7.53671,8.29448,6.95864,5.5019616603,4.8981818853,6.5645581425,14.6525428767,14.0316407068,16.889822623,16.954502811,13.1354107288,9.0575342472,14.8098630147,11.5004003288,12,11,9.8,NA,NA
Luxembourg,,,,,,,,,,,,,,,,,,,,,,,,,,,,,,,,,,,NA
Macau,,,,,,,,,,,,,,,,,,,,,,,,,,,,,,,,,,NA,NA
Macedonia,-,-,-,-,-,-,-,-,-,-,-,-,0.69797,0.5993,0.06888,0.0355,0.24354,0.10601,0.31203,0.2403992548,0.2802383989,0.3713114027,0.301559611,0.6899905753,0.6598834426,0.7923403288,0.9509687726,0.794520548,0.9216438357,0.9175695123,0.8,0.7,0.3,NA,NA
Madagascar,NA,NA,NA,NA,NA,NA,0.06925,0.05828,0.07292,0.03706,0.07873,0.08875,0.03691,0.03722,0.03727,0.03746,0.03742,0.03758,0.0694,0.0694058959,0.1993681694,0.2003918411,0.2004030795,0.2004899562,0.2000043661,0.1379505425,,,,,,,,NA,NA
Malawi,NA,NA,NA,NA,NA,NA,,,,,,,,,,,,,,,,,,,,,,,,,,,,NA,NA
Malaysia,NA,NA,NA,NA,NA,NA,3.86538,8.91336,2.51555,3.24883,5.60013,5.23012,18.28321,25.84655,33.22486,61.31862,43.84582,46.59163,54.31259,57.7465725041,64.4919445683,61.1538583014,66.9690911291,48.9472832822,50.1788067588,90.9160787836,75.93758354,90.7478971258,85.3036423312,61.4517002704,94,91,82,NA,NA
Maldives,,,,,,,,,,,,,,,,,,,,,,,,,,,,,,,,,,NA,NA
Mali,NA,NA,NA,NA,NA,NA,,,,,,,,,,,,,,,,,,,,,,,,,,,,NA,NA
Malta,NA,NA,NA,NA,NA,NA,,,,,,,,,,,,,,,,,,,,,,,,,,,,NA,NA
Martinique,NA,NA,NA,NA,NA,NA,0.45785,0.48969,0.48849,0.52469,0.49356,0.55604,0.55587,0.59247,0.65635,0.65679,0.68688,0.68882,0.68888,0.6888839233,0.7189684098,0.7209895836,0.7848477205,0.8495668,0.8794846503,0.9467326795,0.8819810356,0.8898630138,0.9260931507,0.6473049201,0.6,0.6,0.6,NA,NA
Mauritania,NA,NA,NA,NA,NA,NA,,0.0261,0.21103,0.03873,0.12358,0.13331,1.23051,1.17109,1.23444,1.20304,1.23172,1.23527,1.23535,1.2353538356,1.2957448361,,,,,,,,,,,,,NA,NA
Mauritius,NA,NA,NA,NA,NA,NA,,,,,,,,,,,,,,,,,,,,,,,,,,,,NA,NA
Mexico,155.09030105,202.23020781,243.68149055,255.20102762,256.93205785,286.86996305,334.082369863,336.491964932,359.83091623,371.935093425,350.325030822,357.252950959,351.952664918,336.219524247,377.708087123,341.009521644,364.352886721,290.673485753,286.749029178,343.738289041,350.845194754,349.000655342,330.807555342,341.910683288,355.781379836,340.003553288,336.294020548,317.338736575,299.753307322,301.70696863,303,300,285,281,NA
Moldova,-,-,-,-,-,-,-,-,-,-,,,,,,,,,,,,,,,,,,,,0.0005517918,0.0005552438,0.0005041534,0.0004769205,NA,NA
Mongolia,NA,NA,NA,NA,NA,NA,NA,NA,NA,NA,NA,NA,NA,NA,NA,,,,,,,,,,,,,,,,,,,NA,NA
Montenegro,-,-,-,-,-,-,-,-,-,-,-,-,-,-,-,-,-,-,-,-,-,-,-,-,-,-,,,,,,,,NA,NA
Montserrat,NA,NA,NA,NA,NA,NA,,,,,,,,,,,,,,,,,,,,,,,,,,,,NA,NA
Morocco,NA,NA,NA,NA,NA,NA,6.62314,7.40111,8.39374,8.64291,7.56146,7.30233,7.5862,9.30778,8.50541,7.60493,7.4533,7.75708,8.16146,8.6812836055,7.7619078634,7.626564411,8.3412790959,2.2510813918,3.4635574863,6.6662318082,6.2733019726,5.4027397264,5.4027397264,3.3620238137,1.1,1.5,3.9,NA,NA
Mozambique,NA,NA,NA,NA,NA,NA,,,,,,,,,,,,,,,,,,,,,,,,,,,,NA,NA
Namibia,-,-,-,-,-,-,-,-,-,-,-,,,,,,,,,,,,,,,,,,,,,,,NA,NA
Nauru,NA,NA,NA,NA,NA,NA,,,,,,,,,,,,,,,,,,,,,,,,,,,,NA,NA
Nepal,NA,NA,NA,NA,NA,NA,,,,,,,,,,,,,,,,,,,,,,,,,,,,NA,NA
Netherlands,47,43,57,62,81,61,69,75,73,83,75,71,77,78,89,37,36,37,34,33,34,31,27,29,38,38,35,42,42,44,45,49,49,48,NA
Netherlands Antilles,NA,NA,NA,NA,NA,NA,2.66534,2.46284,2.49,2.65683,3.279,2.81578,1.90385,2.19244,2.28535,2.29783,2.3554,2.35219,2.53697,3.4100362521,4.132381776,4.1088941206,4.1086709808,4.286405989,4.0689394426,4.2529178575,3.2055230247,2.6378082194,2.4789041098,2.1824578027,0.9,1.8,2.2,NA,NA
New Caledonia,,,,,,,,,,,,,,,,,,,,,,,,,,,,,,,,,,NA,NA
New Zealand,0.424940371,0.667760713,0.789193155,0.910606508,1.426613256,2.580033743,3.27817,3.12638,3.36923,3.36923,3.09604,3.94593,4.31018,4.46193,4.43159,4.06736,4.82618,5.49394,5.43325,5.79748,5.91891,6.64739,6.25279,4.73512,5.069,4.73512,4.09771,3.03532,2.24615,2.15509,4.5,4.5,5,5.4,NA
Nicaragua,NA,NA,NA,NA,NA,NA,0.49021,0.55364,0.61591,0.58542,0.55313,0.52975,0.65223,0.53824,0.42838,0.30449,0.49714,0.43113,0.37317,0.4678034795,0.6173207596,0.6192836712,0.563178126,0.6582822849,0.5305807924,0.5311375178,0.6675056493,0.5084931507,0.2860273973,0.4036237644,0.5,0.6,0.3,NA,NA
Niger,NA,NA,NA,NA,NA,NA,NA,NA,NA,NA,NA,NA,NA,NA,NA,NA,NA,NA,NA,NA,,,,,,,,,,,,,,NA,NA
Nigeria,NA,NA,NA,NA,NA,NA,2.38164,4.69815,4.292,3.49717,6.37075,5.48995,8.25352,2.26083,5.42184,4.98834,6.91497,4.173,23.97634254,38.0604327552,36.2336981141,34.8041629615,33.7123213948,47.0190369634,41.8511841961,48.453426973,48.18079672,48.0700184219,50.9685755548,58.6663171367,61,57,59,NA,NA
Niue,NA,NA,NA,NA,NA,NA,,,,,,,,,,,,,,,,,,,,,,,,,,,,NA,NA
Northern Mariana Islands,-,-,-,-,-,-,-,-,-,-,-,-,-,-,-,-,-,-,-,-,-,-,-,-,-,-,-,-,-,-,-,-,-,-,-
Norway,23.506078134,23.82035807,24.791980805,25.293711382,28.264514652,26.34212378,20.4049072603,28.1085135616,32.4051516393,30.5004212329,37.9072991781,36.5516420548,34.3984672131,37.7764745205,39.5759543836,38.35018,41.1615297268,42.4850347945,39.9952194521,33.8455373973,33.7573529508,45.572729863,172.972801233,189.36026137,195.113145355,203.494720822,254.196179589,251.399604247,212.357547104,221.11322589,201,214,226,227,NA
Oman,NA,NA,NA,NA,NA,NA,0.9771,0.85505,0.91311,0.92256,1.14049,1.47033,7.20577,6.04984,7.14455,11.20342,2.14178,1.93565,2.1668,2.2392609589,3.4479034863,6.8282340329,6.0090565753,7.5139965753,7.6125632787,9.0370824658,11.6425654795,13.014193288,10.2210073974,19.09461,16,19,18,NA,NA
Pakistan,NA,NA,NA,NA,NA,NA,2.5552,3.33506,3.48897,3.02196,6.83444,5.84253,4.13027,3.51249,2.62371,3.983,4.61606,8.61398,5.91564,6.4790587123,9.8461785191,10.896153211,11.1269803233,11.9315637041,12.8412863115,17.0768150685,24.9155183562,17.3260967128,15.2356689045,14.8369428164,13,12,13,NA,NA
Palestinian Territories,-,-,-,-,-,-,-,-,-,-,-,-,-,-,-,-,-,,,,,,,,,,,,,,,,,NA,NA
Panama,NA,NA,NA,NA,NA,NA,0.15407,0.40524,0.30355,0.19769,0.27336,0.27671,0.37215,0.29988,0.22446,0.12829,0.65302,0.53964,0.89178,1.0196886521,1.0123273552,1.1198832329,1.2978718849,,,,4.16547945205E-05,,,,,,,NA,NA
Papua New Guinea,,,,,,,,,,,,,,,,0.00146,0.00146,0.00152,0.0014,0.0014059068,0.0014306011,0.0014345205,,,0.0013449945,0.0014059068,0.7253496004,0.0953424658,0.2224657534,0.309356537,0.3,0.3,0.3,NA,NA
Paraguay,NA,NA,NA,NA,NA,NA,0.11547,0.25925,0.27053,0.20758,0.19669,0.14676,0.08672,0.07187,0.13568,0.01717,0.02078,0.03704,0.00355,0.0031688712,0.003102071,0.0350054247,0.0025926849,0.0022278411,0.0017982816,0.0019821699,,,,,,,,NA,NA
Peru,NA,NA,NA,0.030105166,NA,NA,4.73986,4.8862,5.03796,4.85721,4.26422,4.3158,4.75552,4.84838,4.61238,3.86652,5.98849,7.02095,8.84817,8.2607474082,8.7763748415,8.1795503178,8.143780137,8.0818993151,12.462389071,22.5913649315,42.2714086301,23.8418835621,27.0458201374,39.105170411,44,43,46,NA,NA
Philippines,NA,NA,NA,NA,NA,NA,5.34291,6.54756,6.75575,6.52938,7.69995,7.88045,8.27732,7.4658,9.07114,9.58477,13.56474,14.99841,13.86009,16.0899508329,13.3022612678,13.3065439836,14.1166309151,12.9633268932,8.6584236339,10.7880350795,10.9415811616,7.9134192,9.7,9.1646412164,12,12,11,NA,NA
Poland,6.654264137,6.266347394,6.117148646,5.87843065,5.31147541,5.326027397,5.7205479452,8.7780821918,8,8.7780821918,4.5698630137,4.6283930137,4.9800996721,5.426540274,6.3179469863,6.1163817808,5.2213114754,5.7205479452,7.0876712329,9.1534246575,9.2158469945,8.0767123288,8.0383561644,8.4904109589,8.2049180328,8.9369863014,8.9917808219,8.2,9.7021857924,9.3424657534,13,14,17,17,NA
Portugal,7.01159728,8.605142116,7.764909384,8.750009828,8.054644809,7.816438356,9.0575342466,8.101369863,9.412568306,11.4712328767,11.5068493151,10.0402389041,11.6010928962,11.0931506849,15.9260273973,13.2876712329,12.1038251366,12.1397260274,13.0328767123,10.8082191781,8.7459016393,12.1068493151,10.6429786301,12.327910137,11.5054644809,12.2046224658,12.6465753425,12.0558158904,12.5518865027,9.8575342466,11,8.8,7,6.7,NA
Puerto Rico,NA,NA,NA,NA,NA,NA,1.89589,1.97808,1.28961,1.13698,2.57534,4.23835,2.08196,2.39452,1.66027,0.31967,,,,0.2739726027,0.2568306011,0.2575342466,1.009980274,,,,0.2219178082,0.23288,0.04,,,,,NA,NA
Qatar,NA,NA,NA,NA,NA,NA,31.971343642,32.028862429,29.40208455,33.882717888,38.078931223,38.139102132,52.357737299,52.728572465,50.724792178,47.944668679,54.73373251,63.902652555,65.988438054,68.795318099,65.663803436,75.102476615,68.862004846,87.011262199,92.176307038,105.537855856,120.965286123,146.853042862,202.397941221,226.267758063,305,353,357,NA,NA
Reunion,NA,NA,NA,NA,NA,NA,,,,,,,,,,,,,,,,,,,,,,,,,,,,NA,NA
Romania,NA,NA,NA,NA,NA,NA,9.4,8.9952,8.89985,13.73933,7.74518,7.54459,7.59581,8.17591,8.63063,9.30159,8.72891,8.04769,10.01786,8.6009857589,10.8101166339,10.7140947233,10.9326027397,10.3923287671,11.6,20.9117808219,21.5156164384,23.9627232,18.878,23.8356164384,18,18,17,NA,NA
Russia,-,-,-,-,-,-,-,-,-,-,-,-,244.79743003,200.55082003,160.65676003,180.09878003,162.51571003,171.83713003,157.34716003,193.76775553,237.25742379,198.93339328,247.1260019,277.77119077,283.22929804,305.5004015,335.71947779,345.01236482,363.00054005,413.75469537,440,457,494,NA,NA
Rwanda,NA,NA,NA,NA,NA,NA,,,,,,,,,,,,,,,,,,,,,,,,,,,,NA,NA
Saint Helena,NA,NA,NA,NA,NA,NA,,,,,,,,,,,,,,,,,,,,,,,,,,,,NA,NA
Saint Kitts and Nevis,NA,NA,NA,NA,NA,NA,,,,,,,,,,,,,,,,,,,,,,,,,,,,NA,NA
Saint Lucia,NA,NA,NA,NA,NA,NA,,,,,,,,,,,,,,,,,,,,,,,,,,,,NA,NA
Saint Pierre and Miquelon,NA,NA,NA,NA,NA,NA,,,,,,,,,,,,,,,,,,,,,,,,,,,,NA,NA
Saint Vincent/Grenadines,NA,NA,NA,NA,NA,NA,,,,,,,,,,,,,,,,,,,,,,,,,,,,NA,NA
Samoa,,,,,,,,,,,,,,,,,,,,,,,,,,,,,,,,,,NA,NA
Sao Tome and Principe,NA,NA,NA,NA,NA,NA,,,,,,,,,,,,,,,,,,,,,,,,,,,,NA,NA
Saudi Arabia,307.524371153,372.8513906,360.27579805,281.90392646,301.14444788,270.74071311,266.07297939,282.86525,304.01118,312.86376,583.56606,640.14281,689.92401,721.43523,733.81317,774.19186,808.93174,815.02635,803.68131845,788.595715332,816.870854574,817.79957268,849.031847123,877.095939178,974.621677377,1020.02352247,1006.08249384,980.053596167,987.59131055,1052.53973918,1180,1239,1329,NA,NA
Senegal,NA,NA,NA,NA,NA,NA,0.11526,0.13369,0.23214,0.17174,0.20261,0.16716,0.16301,0.11766,0.12077,0.12036,0.12004,0.3394,0.18229,0.2777457863,0.3105035082,0.2462206082,0.3114630192,0.4131065589,0.3490256339,0.3459436932,0.0101619288,0.0635616438,,0.1465856658,0.1,0.083085737,0.0535808548,NA,NA
Serbia,-,-,-,-,-,-,-,-,-,-,-,-,-,-,-,-,-,-,-,-,-,-,-,-,-,-,2.3835616438,3.1145184,4.363166,4.6508918685,4.3,3.6,3.7,NA,NA
Seychelles,NA,NA,NA,NA,NA,NA,,,,,,,,,,,,,,,,,,,,,,,,,,,,NA,NA
Sierra Leone,NA,NA,NA,NA,NA,NA,0.00669,0.00705,0.00768,0.0079,0.00793,0.00822,0.0055,0.00571,1.40402,0.00596,0.00594,0.00607,0.00611,0.0061105205,0.006321,,0.0064855288,0.0066087288,0.0062541366,0.0083084822,0.0060969425,,,,,,,NA,NA
Singapore,NA,NA,NA,NA,NA,NA,11.745,11.72569,15,15.0836,23.21153,16.52389,16.74047,18.83778,19.3272,19.90824,20.56806,32.12753,32.04746,32.1546939507,29.0258442404,28.3280075836,27.0926340164,28.6676605315,28.7946844372,28.3652647342,21.5030958959,21.070684933,19.3227397274,20.8166802247,6.8,8.7,12,NA,NA
Slovakia,-,-,-,-,-,-,-,-,-,-,-,-,-,1.8338724658,1.7645223288,2.162639589,1.7014111475,1.7416087671,1.0484580822,0.695890411,,6.2383561644,4.7287671233,5.1123287671,6.8907103825,5.901369863,4.9890410959,3.5671232877,3.2240437159,2.5917808219,2.6,3.2,2.8,3.3,NA
Slovenia,-,-,-,-,-,-,-,-,-,-,-,-,,,,,,,,,,,,,,,,,,,,,,,NA
Solomon Islands,,,,,,,,,,,,,,,,,,,,,,,,,,,,,,,,,,NA,NA
Somalia,NA,NA,NA,NA,NA,NA,0.0107,0.00654,0.00659,0.00669,0.00646,0.01319,0.00316,0.00319,0.00319,0.00319,0.00319,0.00319,0.00319,0.003192,,,,,,,1.000948214,0.9852054795,0.9852054795,,,,,NA,NA
South Africa,NA,NA,NA,NA,NA,NA,4.36169,4.32319,4.4816,4.85588,4.88152,4.76343,7.05673,7.85094,8.02311,11.27444,11.08075,11.93052,12.34071,12.5770380438,10.5057299399,11.0468590575,10.8686598082,10.6413530356,10.6242481294,10.4479946521,11.235341337,9.3117808226,8.9939726034,9.5026666082,9,11,10,NA,NA
Spain,35.106269832,34.169548553,31.124709216,39.279403291,45.363801402,51.715455009,58.4583530137,56.7078256164,61.59087,64.0235847945,66.7808949315,66.6704532877,65.8510912568,51.0356164384,54.3780821918,57.6191780822,47.762295082,51.9287671233,49.5780821918,50.4082191781,48.1448087432,50.0191780822,49.6109589041,44.7810712329,45.6750324044,45.4032127397,48.3698630137,45.6356164384,47.0300546448,44.3945205479,46,46,54,54,NA
Sri Lanka,NA,NA,NA,NA,NA,NA,0.55547,0.61835,0.68259,0.5193,0.64285,0.39394,0.49733,0.59164,0.53174,0.49616,0.62767,0.49558,2.03168,1.7688223343,0.5697465956,0.5328091781,0.6346712329,0.5315690849,0.5339395137,0.5686359616,0.537982274,0.5084931507,0.5084931507,0.8165172548,0.8,0.8,0.6,NA,NA
Sudan and South Sudan,NA,NA,NA,NA,NA,NA,0.23796,0.15066,0.2968,0.27297,0.25971,0.50685,0.21797,0.21881,0.19586,0.25101,0.2509,0.25141,0.25161,0.015704011,5.1945168306,6.9203775178,7.743284789,9.1267101863,9.6187478743,9.9377420658,13.4688744274,13.6657534256,9.7567123294,10.3423205151,13,9.6,9.8,NA,NA
Suriname,NA,NA,NA,NA,NA,NA,,,,,,,,,,,,,,,0.0072677596,0.009059726,0.009059726,0.0096766466,0.0096471475,0.0099956164,0.0103694356,,,0.0103694356,0.0215084186,0.0215084186,0.0215084186,NA,NA
Swaziland,NA,NA,NA,NA,NA,NA,,,,,,,,,,,,,,,,,,,,,,,,,,,,NA,NA
Sweden,3.490704277,2.596391611,2.538694019,3.548401868,5.163934426,5.846575342,7.4684931507,6.7068493151,5.4180327869,5.1178082192,6.9589041096,8.0767123288,9.2568306011,9.8517628767,8.6767123288,7.3397260274,8.2759562842,8.6366121918,9.2794520548,8.5424657534,9.8907103825,8.8657534247,8.7095890411,11.4402389041,13.4699453552,13.7616438356,9.597260274,8.3890410959,10.6475409836,8.8684931507,11,8.6,12,9.8,NA
Switzerland,3.071716847,2.922604379,3.697989214,4.622486517,4.56284153,7.471232877,8.994520548,5.4054794521,5.3907103825,4.3232876712,4.4164383562,6.2301369863,5.3907103825,6.0410958904,5.9726027397,5.4,6.5573770492,6.9917808219,7.9780821918,7.0547945206,6.0546448087,5.8438356164,6.6767123288,5.6246575343,6.1475409836,6.2630136986,7.0904109589,6.4520547945,7.5792349727,6.5123287671,5.4,5.9,3.7,6,NA
Syria,NA,NA,NA,NA,NA,NA,5.85005,5.12188,4.58417,5.11031,4.84959,4.78,5.48403,6.45522,5.73126,4.74422,18.13011,18.35219,18.26103,22.4055494356,19.7315053115,17.5693654521,16.8140443123,17.4823709096,18.4452640383,20.7599288822,20.5152004822,14.1878684934,14.1878684934,13.9305503452,14,14,10,NA,NA
Taiwan,NA,NA,NA,NA,NA,NA,16.3354,17.04037,14.01872,14.07664,14.23515,15.72857,16.21713,18.6,20.66069,23.63845,25.15113,27.0185,26.70897,26.1798171793,31.3213733375,34.976048936,37.6103213578,41.541018351,45.3182802351,47,43.7939726027,51.3578082227,40.2663013726,49.476471095,41,39,46,NA,NA
Tajikistan,-,-,-,-,-,-,-,-,-,-,-,-,,,,,,0.00081,0.00037,0.0003783452,0.0003773115,0.0003783452,0.0003468164,0.0003468164,0.0003458689,0.0003468164,0.0003783452,,,0.0005990466,0.0005990466,0.0005990466,0.0006621041,NA,NA
Tanzania,NA,NA,NA,NA,NA,NA,0.02086,0.18498,0.21725,0.14994,0.07905,0.10456,0.21487,0.20709,0.20718,0.20727,0.20673,0.20748,0.20753,0.2080964055,,,,,,,,,,,,,,NA,NA
Thailand,NA,NA,NA,NA,NA,NA,18.37092,16.93544,19.18083,15.35812,23.94066,32.01342,36.19426,40.3437,52.63232139,60.66508,89.2499,87.64273344,86.88222258,95.6607307,114.717753743,128.6422612,129.001267152,131.4642759,138.44804493,152.12706375,170.514986367,176.600760825,183.776506991,182.99476339,192,243,264,NA,NA
Timor-Leste (East Timor),-,-,-,-,-,-,-,-,-,-,-,-,-,-,-,-,-,-,-,-,-,-,-,,,,,,,,,,,NA,NA
Togo,NA,NA,NA,NA,NA,NA,,,,,,,,,,,,,,,,,,,,,,,,,,,,NA,NA
Tonga,NA,NA,NA,NA,NA,NA,,,,,,,,,,,,,,,,,,,,,,,,,,,,NA,NA
Trinidad and Tobago,NA,NA,NA,NA,NA,NA,2.16797,1.62399,1.30881,2.18007,2.22387,5.34849,10.56006,7.86963,8.29291,8.96239,9.85488,9.09401,10.48511,14.4956848603,16.3756830765,16.2201290356,18.7521171288,21.8649076986,20.2295462678,18.8267658137,44.7654985918,23.5701095893,27.5199576715,30.583373474,31,28,21,NA,NA
Tunisia,NA,NA,NA,NA,NA,NA,1.18085,1.57889,3.70576,3.20359,3.20623,7.36223,8.03582,7.08473,6.90882,6.63026,7.00178,6.3248,7.83137,2.6137207233,2.3501579235,4.3133010521,4.4409494301,4.0246134027,7.0160838579,3.385859863,3.3820191452,3.3044028768,4.0122135618,4.2294353973,9.2,4.1,5,NA,NA
Turkey,12.61858425,10.34549055,11.9191708,13.4345666,15.88251366,14.83835616,17.2904109589,19.2,22.3415300546,21.8,22.2520547945,21.4520547945,21.4590163934,22.5671232877,23.0739726027,24.6301369863,25.3579234973,24.6931506849,25.3890410959,23.4219178082,22.3442622951,23.0767123288,23.5479452055,24.0575342466,24.150273224,24.3479452055,25.6794520548,24.2164383562,25.1338797814,19.1945205479,21,23,25,23,NA
Turkmenistan,-,-,-,-,-,-,-,-,-,-,-,-,15.21379,7.56398,31.18305,21.62495,17.02833,11.6406,16.32588,16.1533756219,16.2244836284,17.5424639342,19.9180121425,20.4079361041,20.221042235,19.6405731726,17.2004938301,17.97273,18.20692,7.047871737,19,26,27,NA,NA
Turks and Caicos Islands,NA,NA,NA,NA,NA,NA,,,,,,,,,,,,,,,,,,,,,,,,,,,,NA,NA
U.S. Pacific Islands,NA,NA,NA,NA,NA,NA,,,,,,,,,,,,,,,,,,,,,,,,,,,,NA,NA
U.S. Territories,-,-,-,-,-,-,-,-,-,-,-,-,-,-,-,-,-,-,-,-,-,-,-,-,-,-,-,-,-,-,-,-,-,-,-
Uganda,NA,NA,NA,NA,NA,NA,,,,,,,,,,,,,,,,,,,,,,,,,,,,NA,NA
Ukraine,-,-,-,-,-,-,-,-,-,-,-,-,28.25205,9.34794,5.33039,6.9659,5.36719,5.01651,5.28286,5.2407945425,3.698151,13.1553191233,20.5418087178,24.1166086685,24.5446537924,23.3220766521,24.5994105808,34.9124657549,23.1046575358,23.6417922959,22,21,18,NA,NA
United Arab Emirates,NA,NA,NA,NA,NA,NA,78.66877,83.28181,68.43037,82.42667,95.30353,108.66281,126.59358,140.15643,116.67173,128.59415,134.41296,140.20266,168.01066,225.98201287,285.079153311,301.204979627,259.28546012,246.7465532,239.159411858,240.772011452,207.227888022,195.258134658,198.240303151,173.458694219,165,172,174,NA,NA
United Kingdom,56,57,67,84,83,68,73,78,88,86,84,100,104,105,121,152,149,153,140,161,161,181,161,142,172,176,167,158,160,148,144,147,134,136,NA
United States,NA,NA,NA,NA,NA,NA,NA,NA,NA,NA,NA,NA,NA,NA,NA,NA,NA,NA,NA,NA,NA,NA,NA,NA,NA,NA,1913.1835617,1988.3068493,1983.420765,2062.7890411,2217,2322,2500,2677,3067
Uruguay,NA,NA,NA,NA,NA,NA,1.28751,1.44801,1.48275,1.6324,1.9606,1.65989,3.10868,0.59614,,0.95889,1.16957,1.99668,2.72003,2.2705616548,2.6226704044,2.7189053255,2.0395635343,2.1417956493,2.7852703115,2.9195426849,2.5010713863,2.0657534248,2.8761643838,3.1713805699,2.6,2.1,2.8,NA,NA
Uzbekistan,-,-,-,-,-,-,-,-,-,-,-,-,3.36386,5.30092,0.21186,0.21876,1.04879,7.21996,0.51689,0.5147288438,0.5131303825,10.4020242466,12.9150381425,8.5090587288,9.3953963771,11.8832479342,1.1463414356,0.2224657534,0.2224657534,0.3488537644,0.8,0.8,0.7,NA,NA
Vanuatu,NA,NA,NA,NA,NA,NA,,,,,,,,,,,,,,,,,,,,,,,,,,,,NA,NA
Venezuela,NA,NA,NA,NA,NA,NA,62.78825,59.41205,73.11769,61.90331,62.54348,83.85609,72.28422,80.78409,101.76972,103.82474,124.56254,124.47752,127.04455,139.45825908,145.975325874,152.038432438,147.688277003,124.149263819,144.530017268,173.193039814,141.336152247,165.428079727,148.218706302,144.691106192,141,177,185,NA,NA
Vietnam,NA,NA,NA,NA,NA,NA,,,0.00009,0.00116,0.00111,0.00111,0.00111,0.00111,0.00111,0.00111,0.00111,0.00115,0.05909,4.57987,7.44954,7.65385,10.11629,8.89885,10.63805,9.94237,10.00034,8.14519,7.5365,11.1797153151,18,19,20,NA,NA
"Virgin Islands,  U.S.",NA,NA,NA,NA,NA,NA,2.1589,0.3863,3.9071,5.84383,7.70136,5.95068,6.29508,5.67671,4.25205,4.67945,5.69945,6.84931,5.47945,5.4794520548,5.1092896175,4.6684931507,6.2054794521,7.397260274,8.0327868853,8.0547945206,9.3808219178,,7.27,8.5753424658,9.1,11,1.6,NA,NA
"Virgin Islands, British",NA,NA,NA,NA,NA,NA,,,,,,,,,,,,,,,,,,,,,,,,,,,,NA,NA
Wake Island,NA,NA,NA,NA,NA,NA,,,,,,,,,,,,,,,,,,,,,,,,,,,,NA,NA
Western Sahara,NA,NA,NA,NA,NA,NA,,,,,,,,,,,,,,,,,,,,,,,,,,,,NA,NA
Yemen,NA,NA,NA,NA,NA,NA,0.86106,1.40244,0.90559,1.56409,1.9002,4.05462,4.09768,9.04619,10.12305,12.27365,12.98945,11.89709,12.20192,11.4037841534,13.2830112842,14.211377737,18.4345678575,21.5028184055,22.7492324809,22.8946366301,21.972131031,22.9961991782,22.8974850686,22.4751119014,22,18,20,NA,NA
Zambia,NA,NA,NA,NA,NA,NA,0.19501,0.24056,0.26523,0.13638,0.33641,0.33395,0.33644,0.33317,0.33299,0.33331,0.33263,0.3336,0.33434,0.1340730027,0.0006736831,0.1077140548,0.1085267068,0.1094539671,0.1101473825,0.1114729589,0.1114985041,0.0953424658,0.0953424658,0.1092583123,0.0808444329,0.1,0.1,NA,NA
Zimbabwe,NA,NA,NA,NA,NA,NA,,,,,,,,,,,,,,,,,,,,,,,,,,,,NA,NA 
