country,1980,1981,1982,1983,1984,1985,1986,1987,1988,1989,1990,1991,1992,1993,1994,1995,1996,1997,1998,1999,2000,2001,2002,2003,2004,2005,2006,2007,2008,2009,2010,2011,2012,2013,2014
GlobalTotal,4161123.00996833,4189393.89424284,4354160.63881594,4392137.44378901,4624098.08546307,4841563.2390631,4960180.81746867,5082292.20381616,5194023.15310151,5275579.11004476,5280796.9620236,5003186.22294775,4898843.68836629,4789180.32128648,4876130.41525285,4957246.35666651,5075690.63027512,5074358.88461388,5042477.62117514,4977766.27712832,5129471.65032095,5365607.41668337,5410725.86989774,5803249.50428826,6244800.53939241,6643673.72572769,7023442.78840612,7320003.90933976,7564656.77359636,7729183.68266539,8205496.2,8754416.1,9017864.5,9040785.6,9019364.65289
Afghanistan,131.17505,137.78892,159.83515,159.83515,163.14208,166.44902,176.36982,184.086,152.11897,139.99354,115.74269,103.61727,8.81849,7.71618,6.61387,5.51156,3.30693,2.20462,2.20462,1.10231,1.10231,28.6601,23.14854,38.5809,37.47859,36.37627,38.5809,267.86166,382.50204,551.15568,799,1631,1367,1485,1673
Albania,1563.07751,1697.55949,1873.92931,2039.27602,2215.64583,2369.96942,2388.70872,2352.33244,2407.44801,2417.36881,2282.88401,1198.21097,403.44546,235.89434,186.29039,88.1848,124.56103,42.99009,54.01319,54.01319,33.0693,23.14851,16.53465,63.93398,63.93398,49.60395,49.60395,49.60395,67.24091,11.0231,11,5.5,5.5,3.3,
Algeria,7.71618,7.71618,7.71618,7.71618,7.71618,8.81849,9.9208,8.81849,11.02311,16.53467,11.02311,16.53467,16.53467,22.04623,22.04623,24.25085,13.22774,12.12542,8.81849,5.51156,,,,,,,,,,,,,,,
American Samoa,,,,,,,,,,,,,,,,,,,,,,,,,,,,,,,,,,,
Angola,,,,,,,,,,,,,,,,,,,,,,,,,,,,,,,,,,,
Antarctica,,,,,,,,,,,,,,,,,,,,,,,,,,,,,,,,,,,
Antigua and Barbuda,,,,,,,,,,,,,,,,,,,,,,,,,,,,,,,,,,,
Argentina,429.9009,548.95038,567.68965,535.72266,561.07579,440.924,401.24084,411.16163,564.38272,566.58734,304.23756,321.87452,222.66662,185.18808,382.50157,336.20455,341.7161,276.67981,319.6699,370.37616,285.49829,205.02966,50.70626,98.10559,56.21781,27.55775,155.42571,121.2541,177.47191,90.38942,72,99,105,91,92
Armenia,--,--,--,--,--,--,--,--,--,--,--,--,,,,,,,,,,,,,,,,,,,,,,,
Aruba,--,--,--,--,--,--,,,,,,,,,,,,,,,,,,,,,,,,,,,,,
Australia,115195.80424,133349.74763,139098.29428,152683.16272,162789.1408,177169.87706,189058.29041,214906.3576,193590.98913,215457.5126,225490.73822,242074.99217,251700.36309,249193.71015,248462.87862,266546.27417,272434.81419,291514.69798,316749.88081,320774.41462,338102.72782,362855.09887,374672.96438,376616.33691,386143.60224,408505.0629,412983.74843,431046.20009,432382.73309,449630.59893,467823,461799,492786,521121,553283
Austria,3158.11815,3374.17091,3634.31607,3352.12471,3227.56368,3396.21711,3272.75839,3071.03566,2346.81799,2277.37246,2698.45488,2293.90711,1953.29332,1865.10852,1510.1647,1430.79838,1221.35948,1245.6103,1256.6334,1253.32647,1376.78519,1329.38586,1556.46172,1269.86112,259.04285,,,,,,,,,,
Azerbaijan,--,--,--,--,--,--,--,--,--,--,--,--,,,,,,,,,,,,,,,,,,,,,,,
"Bahamas, The",,,,,,,,,,,,,,,,,,,,,,,,,,,,,,,,,,,
Bahrain,,,,,,,,,,,,,,,,,,,,,,,,,,,,,,,,,,,
Bangladesh,,,,,,,,,,,,,,,,,,,,,,,,24.60576382,71.21473755,196.21118,333.99993,427.69628,746.26387,912.71268,777,735,920,931,942
Barbados,,,,,,,,,,,,,,,,,,,,,,,,,,,,,,,,,,,
Belarus,--,--,--,--,--,--,--,--,--,--,--,--,,,,,,,,,,,,,,,,,,,,,,,
Belgium,6971.00844,6818.88966,7248.79056,6745.03489,6990.85002,6875.10747,6200.49375,4817.0947,2741.44497,2086.67283,1141.99316,698.86454,240.30358,,,,,,,,,,,,,,,,,,,,,,
Belize,,,,,,,,,,,,,,,,,,,,,,,,,,,,,,,,,,,
Benin,,,,,,,,,,,,,,,,,,,,,,,,,,,,,,,,,,,
Bermuda,,,,,,,,,,,,,,,,,,,,,,,,,,,,,,,,,,,
Bhutan,0.05512,0.09921,0.11023,0.22046,0.44092,0.55116,0.88185,2.01723,2.20462,2.20462,2.20462,2.20462,61.72944,50.70632,70.54793,74.95717,70.54793,59.52481,55.11557,55.11557,55.11557,93.25113,97.62841,73.1097,32.66259,94.00401,107.98793,116.0304,111.760102386,89.0236248407,67,114,124,86,93
Bolivia,,,,,,,,,,,,,,,,,,,,,,,,,,,,,,,,,,,
Bosnia and Herzegovina,--,--,--,--,--,--,--,--,--,--,--,--,1653.465,1433.003,1543.234,1807.7884,1862.9039,6010.89643,7754.75085,7464.84332,8200.08409,8324.64512,5591.77832642,5973.48292629,6216.3890602,6355.69679338,6498.79316603,6760.93460944,7452.37509159,7390.14969209,7047,7829,7684,6875,6798
Botswana,408.95751,419.98011,457.45865,435.41245,433.20783,481.70947,540.1319,536.82497,671.30679,730.83153,875.23414,864.21104,993.18131,981.0559,993.18131,1003.1021,802.48168,855.39256,1018.53444,792.56089,1036.1714,1008.61365,1050.50143,907.20113,1004.20441,1085.77535,1060.42222,912.71268,1003.1021,813.50478,1089,869,1621,1649,1653
Brazil,5778.30902,6271.04159,6995.25926,7426.26247,8288.26889,8501.01472,8147.17321,7588.30204,8081.03461,7353.51001,5065.11445,5718.78428,5215.02861,5065.11445,5659.25954,5730.90969,5296.59955,6224.74457,6080.34196,6239.0746,7502.32186,6232.46074,5670.28264,5121.33226,5959.08786,6894.94905,6483.78742,6575.27915,7288.47372,6293.08779,5969,6068,7293,9473,7132
Brunei,,,,,,,,,,,,,,,,,,,,,,,,,,,,,,,,,,,
Bulgaria,33304.09203,32232.64671,35510.91665,35703.8209,37099.34536,34039.3328,38826.66513,40585.95189,37640.57957,37807.02838,34915.66925,31294.5809,33426.44844,32002.26392,31699.12867,33984.2173,34504.50762,32747.42548,33191.65641,27886.23838,29136.25792,29333.57141,28679.90158,30091.96069,29194.68035,27221.54545,28305.11618,31364.02643,31734.40259,29967.39966,32413,40927,36847,31537,34506
Burkina Faso,,,,,,,,,,,,,,,,,,,,,,,,,,,,,,,,,,,
Burma (Myanmar),41.88783,61.72944,73.85486,78.26411,95.90109,94.79878,108.02651,81.57104,71.65024,71.65024,76.05948,82.67335,80.46873,63.93406,58.4225,63.93406,58.4225,54.01326,57.32019,207.23454,639.34059,707.68389,536.82563,943.57852,514.7794,632.72672,807.99423,854.2913,737.4463,683.43304,756,764,930,636,449
Burundi,,,,,,,,,,,,,,,,,,,,,,,,,,,,,,,,,,,
Cambodia,,,,,,,,,,,,,,,,,,,,,,,,,,,,,,,,,,,
Cameroon,,,,,,,,,,,,,,,,,,,,,,,,,,,,,,,,,,,
Canada,40441.54928,44189.40328,47296.81517,49391.20417,63274.79862,67078.87043,62884.58088,67469.08817,77870.48533,77742.61737,75323.04692,78411.71954,72326.96834,76062.69693,80273.52113,82652.30611,83614.62274,86723.13694,82825.36878,79894.32649,76239.06653,77553.02005,73312.43348,68512.97574,72749.15307,72581.60195,73295.89883,76460.63084,75677.99074,71251.11378,74835,73980,73299,75958,74595
Cape Verde,,,,,,,,,,,,,,,,,,,,,,,,,,,,,,,,,,,
Cayman Islands,,,,,,,,,,,,,,,,,,,,,,,,,,,,,,,,,,,
Central African Republic,,,,,,,,,,,,,,,,,,,,,,,,,,,,,,,,,,,
Chad,,,,,,,,,,,,,,,,,,,,,,,,,,,,,,,,,,,
Chile,1284.19115,1251.12185,1129.86775,1135.3793,1349.22744,1461.66306,1838.65308,1760.38907,2161.62991,2190.28997,2406.34273,2433.90048,1792.35606,1493.63005,1302.93042,1144.19778,1106.71924,1150.81164,1037.27371,534.62035,403.44546,634.93056,477.30023,634.93056,256.83823,599.65664,742.95694,267.86133,735.24077,701.06916,682,721,785,3338,3364
China,683587.3665,685229.81042,734492.10508,787634.53572,869977.19428,961524.15269,985510.44787,1023044.14966,1080121.83186,1162001.51965,1189724.65034,1195214.16091,1228581.12576,1269179.25313,1355313.86277,1424395.71567,1504609.81099,1460849.15233,1436117.69467,1415748.08305,1525800.4162,1622078.37622,1709021.75469,2022627.186,2339775.11095,2607124.08726,2832640.39907,3042255.7789,3200453.02694,3434086.0882,3779212,4149575,4348754,4380935,4270259.65289
Colombia,4590.01884,4721.19373,5130.15074,5596.42787,7310.51992,9662.84946,11628.26819,14731.27084,16501.5807,20100.62285,23561.87625,21929.35514,24049.09727,23301.73109,24911.10369,28275.35381,33068.19769,35896.72515,37156.66548,36065.37858,42154.53902,48848.86765,44198.22176,55645.71111,59727.56504,65106.83784,72307.12676,77053.67362,81021.98962,80255.88417,81957,94582,98132,94247,97640
Comoros,,,,,,,,,,,,,,,,,,,,,,,,,,,,,,,,,,,
Congo (Brazzaville),,,,,,,,,,,,,,,,,,,,,,,,,,,,,,,,,,,
Congo (Kinshasa),152.12,154.32,135.58,124.56,133.38,133.38,131.18,134.48,165.35,121.25,85.98,88.18,93.7,101.41,103.62,104.72,104.72,102.52,105.82,105.82,105.82,109.13,112.44,115.74,119.05,132.28,135.58,139.99,144.4,148.81,153,158,146,161,146
Cook Islands,,,,,,,,,,,,,,,,,,,,,,,,,,,,,,,,,,,
Costa Rica,,,,,,,,,,,,,,,,,,,,,,,,,,,,,,,,,,,
Cote dIvoire (IvoryCoast),,,,,,,,,,,,,,,,,,,,,,,,,,,,,,,,,,,
Croatia,--,--,--,--,--,--,--,--,--,--,--,--,132.2772,127.86796,113.53793,90.38942,72.75246,54.01319,56.21781,16.53465,,,,,,,,,,,,,,,
Cuba,,,,,,,,,,,,,,,,,,,,,,,,,,,,,,,,,,,
Cyprus,,,,,,,,,,,,,,,,,,,,,,,,,,,,,,,,,,,
Czech Republic,--,--,--,--,--,--,--,--,--,--,--,--,--,93895.86811,84816.14064,82564.12131,85037.70495,81588.57696,74437.89199,65182.89723,71828.72422,72869.30486,69837.95236,70444.22286,70631.61556,68371.88006,69338.60593,69033.26606,66359.062,62189.02327,60857,64002,61566,53990,51651
Denmark,,,,,,,,,,,,,,,,,,,,,,,,,,,,,,,,,,,
Djibouti,,,,,,,,,,,,,,,,,,,,,,,,,,,,,,,,,,,
Dominica,,,,,,,,,,,,,,,,,,,,,,,,,,,,,,,,,,,
Dominican Republic,,,,,,,,,,,,,,,,,,,,,,,,,,,,,,,,,,,
Ecuador,,,,,,,,,,,,,,,,,,,,,,,,,,,,,,,,,,,
Egypt,,,,,,,,,,,,,,,,,,,,42.99009,63.93398,40.78547,40.78547,40.78547,36.37623,27.55775,27.55775,27.55775,27.55775,76.05939,42,9.9,23,3.3,
El Salvador,,,,,,,,,,,,,,,,,,,,,,,,,,,,,,,,,,,
Equatorial Guinea,,,,,,,,,,,,,,,,,,,,,,,,,,,,,,,,,,,
Eritrea,--,--,--,--,--,--,--,--,--,--,--,--,--,--,,,,,,,,,,,,,,,,,,,,,
Estonia,--,--,--,--,--,--,--,--,--,--,--,--,,,,,,,,,,,,,,,,,,,,,,,
Ethiopia,,,,,,,,,,,,,,,,,,,,,,,,,,,,,,19.84158,40,23,,,
Falkland Islands (Islas Malvinas),,,,,,,,,,,,,,,,,,,,,,,,,,,,,,,,,,,
Faroe Islands,,,,,,,,,,,,,,,,,,,,,,,,,,,,,,,,,,,
Fiji,,,,,,,,,,,,,,,,,,,,,,,,,,,,,,,,,,,
Finland,,,,,,,,,,,,,,,,,,,,,,,,,,,,,,,,,,,
Former Czechoslovakia,137244.37813,134745.43828,137146.27242,141555.51786,144635.92695,141544.49474,141079.31935,140836.81085,138308.10859,131862.89407,116977.1372,110566.10224,99276.24322,--,--,--,--,--,--,--,--,--,--,--,--,--,--,--,--,--,--,--,--,,
Former Serbia and Montenegro,--,--,--,--,--,--,--,--,--,--,--,--,42345.23865,40632.24891,37202.9625,44748.27445,44673.31737,47375.07918,48585.41556,36486.461,40889.08714,40057.9454,42326.49938,44399.94449,45367.77267,40120.77707,--,--,--,--,--,--,--,,
Former U.S.S.R.,789714.59726,772800.73176,785677.93306,778853.52343,785338.42116,800718.97156,828062.90715,837580.26342,851309.55141,816066.45262,881835.85989,701655.35199,--,--,--,--,--,--,--,--,--,--,--,--,--,--,--,--,--,--,--,--,--,,
Former Yugoslavia,45526.46225,57235.29067,60256.63793,65468.36603,71729.60479,77011.88082,77001.96002,78771.16975,79999.14461,82225.81355,83608.112,78035.92808,--,--,--,--,--,--,--,--,--,--,--,--,--,--,--,--,--,--,--,--,--,,
France,25077.5525,25617.6844,24046.89265,23410.85978,22822.22624,20827.04514,20375.09804,18416.29317,15996.72272,15943.81184,14131.6142,13330.23483,12187.13936,11296.47288,9963.78009,9275.93865,8939.7341,7505.62879,6171.83369,5612.96252,3816.19722,2530.90376,1797.86761,1916.91709,176.3696,,,,,,,,,,
French Guiana,,,,,,,,,,,,,,,,,,,,,,,,,,,,,,,,,,,
French Polynesia,,,,,,,,,,,,,,,,,,,,,,,,,,,,,,,,,,,
Gabon,,,,,,,,,,,,,,,,,,,,,,,,,,,,,,,,,,,
"Gambia, The",,,,,,,,,,,,,,,,,,,,,,,,,,,,,,,,,,,
Georgia,--,--,--,--,--,--,--,--,--,--,--,--,155.42571,165.3465,202.82504,37.47854,17.63696,5.51155,16.53465,17.63696,7.71617,1.10231,6.61386,8.81848,8.81848,5.51155,9.92079,15.43234,12.12541,167.55112,116,154,280,446,330
Germany,-,-,-,-,-,-,-,-,-,-,-,388368,346087,315234,291781,277357,271420,251737,233000,226117,226047,227112,232573,229101,232672,226993,220553,225526,214351,203738,202286,208846,217144,210493,205597
"Germany, East",285311.13773,294555.8879,304332.352159,305803.529507,325806.271518,343290.832869,342195.860365,339449.931493,341148.317235,331117.195677,287447.401021,--,--,--,--,--,--,--,--,--,--,--,--,--,--,--,--,--,--,--,--,--,--,,
"Germany, West",248447.20585,250140.67781,247781.657541,237768.680003,235399.591062,233091.633791,224274.634775,212842.652427,209291.283575,208394.103793,190978.287489,--,--,--,--,--,--,--,--,--,--,--,--,--,--,--,--,--,--,--,--,--,--,,
Ghana,,,,,,,,,,,,,,,,,,,,,,,,,,,,,,,,,,,
Gibraltar,,,,,,,,,,,,,,,,,,,,,,,,,,,,,,,,,,,
Greece,25571.38738,30109.59765,30202.19169,33724.07214,35827.27962,39559.70128,41993.60176,49176.25372,53266.92613,57172.41046,57205.47976,58086.22545,60683.26781,60425.32727,62470.11232,63561.39922,65897.19411,64864.32964,67113.04204,68399.43781,70423.27897,73131.65464,77677.58108,75286.67069,77206.89471,76498.10938,71415.35797,73091.97148,72443.8132,71532.20283,62303,64668,69397,59441,56047
Greenland,,,,,,,,,,,,,,,,,,,,,,,,,,,,,,,,,,,
Grenada,,,,,,,,,,,,,,,,,,,,,,,,,,,,,,,,,,,
Guadeloupe,,,,,,,,,,,,,,,,,,,,,,,,,,,,,,,,,,,
Guam,,,,,,,,,,,,,,,,,,,,,,,,,,,,,,,,,,,
Guatemala,,,,,,,,,,,,,,,,,,,,,,,,,,,,,,,,,,,
Guinea,,,,,,,,,,,,,,,,,,,,,,,,,,,,,,,,,,,
Guinea-Bissau,,,,,,,,,,,,,,,,,,,,,,,,,,,,,,,,,,,
Guyana,,,,,,,,,,,,,,,,,,,,,,,,,,,,,,,,,,,
Haiti,,,,,,,,,,,,,,,,,,,,,,,,,,,,,,,,,,,
Hawaiian Trade Zone,,,,,,,,--,--,--,--,--,--,--,--,--,--,--,--,--,--,--,--,--,--,--,--,--,--,--,--,--,--,-,-
Honduras,,,,,,,,,,,,,,,,,,,,,,,,,,,,,,,,,,,
Hong Kong,,,,,,,,,,,,,,,,,,,,,,,,,,,,,,,,,,,
Hungary,28687.61775,28941.14905,29143.97409,28124.33734,27927.02385,26556.85252,25751.06391,25501.94185,23306.14033,22401.14382,19654.1873,18888.08185,17464.99964,16349.46192,15524.93404,16283.32332,16820.14829,17376.81484,16168.68308,16035.30357,15468.71623,15337.54134,14359.79237,14661.82531,12392.16902,10549.1067,10970.18912,10822.47958,10366.12324,9905.35766,10045,10533,10240,10536,10528
Iceland,,,,,,,,,,,,,,,,,,,,,,,,,,,,,,,,,,,
India,127989.2141,139637.32387,148222.11415,156201.73624,167857.56218,174724.95348,190612.54751,206616.9864,225214.05841,231168.73703,239034.82119,266891.2972,275676.7079,290125.78738,301877.51429,317114.74542,339294.32493,351952.15066,354024.49346,359970.3536,372517.94833,388663.4829,403787.1761,429023.46124,455201.11912,481825.21255,509396.19027,541302.55322,569507.35919,612751.256068,627599,638588,658864,670471,735836
Indonesia,627.10493,763.57108,659.04992,737.00537,1686.5915,2324.38885,3070.24578,3550.3575,4643.45353,9713.5677,11628.28253,15204.18058,24762.32238,32401.3401,35647.20613,46107.42268,55479.2623,60490.36356,67545.14756,81299.77174,87498.06087,103180.62524,112582.22723,129084.91024,158417.37934,187989.04971,257186.55996,274290.00192,274217.24946,321044.48057,358251,445984,489966,537364,518690
Iran,992.08022,995.38593,1118.84465,1130.97145,1144.19778,1219.15486,1391.11694,1366.86609,1388.91231,1322.77363,1212.5425,987.67098,1070.34433,1250.01954,1425.28859,1254.43033,1124.3562,1333.79675,1355.8413,1146.4024,1265.45188,1227.97334,1137.58392,1259.94033,1349.22744,1715.19436,1819.91381,1835.34615,1752.6729,1269.86112,1200,1283,1151,1217,1213
Iraq,,,,,,,,,,,,,,,,,,,,,,,,,,,,,,,,,,,
Ireland,66.1386,76.05939,68.34322,82.67325,77.1617,62.83167,59.52474,49.60395,49.60395,47.39933,27.55775,1.10231,1.10231,1.10231,1.10231,1.10231,,,,,,,,,,,,,,,,,,,
Israel,,,,,,,,,,,,,,,,,,,,,,,,,,,,,,,,,,,
Italy,1417.57066,1338.20434,2099.90055,1929.0425,1961.00949,2085.57052,1143.09547,1072.54763,1146.4024,1183.88094,1117.74234,1059.31991,909.40575,694.4553,294.31677,189.59732,151.01647,238.09896,208.33659,126.76565,15.43234,153.22109,179.67653,275.5775,108.02638,104.71945,23.14851,174.16498,128.97027,79.36632,111,101,88,80,95
Jamaica,,,,,,,,,,,,,,,,,,,,,,,,,,,,,,,,,,,
Japan,19901.10474,19496.55697,19407.26986,18805.4086,18351.25688,18056.94011,17651.29003,14387.35012,12374.53206,11235.84583,8795.33149,8741.3183,8378.65831,7943.24586,7431.77402,6963.29227,6796.84346,4376.1707,4077.44469,4066.42159,3267.24684,3536.21048,,,,,,,,,,,,,
Jordan,,,,,,,,,,,,,,,,,,,,,,,,,,,,,,,,,,,
Kazakhstan,--,--,--,--,--,--,--,--,--,--,--,--,139481.89816,123326.4428,115329.18375,93138.58114,85955.92918,80079.51457,78071.10575,65911.52414,85367.29564,87167.36787,81566.53076,93819.80872,95911.9931,96118.12507,106554.79615,107836.78268,122435.77632,111172.37274,122278,128364,132858,131808,127271
Kenya,,,,,,,,,,,,,,,,,,,,,,,,,,,,,,,,,,,
Kiribati,,,,,,,,,,,,,,,,,,,,,,,,,,,,,,,,,,,
"Korea, North",33366.9237,34728.8280577,36492.8788789,36901.5991224,37837.9402985,29872.601,29659.2210111,29447.3651954,35511.5788995,27430.4219588,36541.5765,34281.841,32187.452,29872.601,27998.674,26124.747,23148.51,22707.586,20502.966,23368.972,24801.975,25463.361,24140.589,24581.513,25132.668,26521.5786,27205.0108,26565.671,27623.8886,28108.905,39683,45195,45746,46297,45230
"Korea, South",20530.52375,21897.38815,22174.06796,21892.97891,23556.3647,24849.37433,26734.32443,26757.47294,26780.62145,22911.51335,18978.47127,16598.58398,13194.6507,10409.11333,8198.98178,6305.2132,5457.53681,4975.82734,4807.17391,4626.39507,4574.5865,4207.51727,3657.46458,3636.52069,3517.47121,3121.74192,3122.84423,3181.26666,3056.70563,2776.71889,2297,2297,2308,2001,1925
Kosovo,--,--,--,--,--,--,--,--,--,--,--,--,--,--,--,--,--,--,--,--,--,--,--,--,--,--,--,--,8508,9470,9534,9141,9572,9060,7941
Kuwait,,,,,,,,,,,,,,,,,,,,,,,,,,,,,,,,,,,
Kyrgyzstan,--,--,--,--,--,--,--,--,--,--,--,--,2371.06881,1897.07551,931.45195,510.36953,450.84479,575.40582,476.19792,459.66327,468.48175,524.69956,505.96029,458.56096,508.16491,369.27385,353.84151,435.41245,534.62035,669.10217,634,916,1283,1552,1723
Laos,0.09921,0.11023,0.22046,0.33069,0.44092,1.10231,2.20462,1.10231,1.10231,1.10231,1.10231,1.10231,1.10231,1.10231,1.10231,25.92747,55.92356,105.21011,94.88794711,86.88958575,139.2107299,135.52019602,257.74543113,253.5313,366.96671517,256.76547754,256.83823,683.4322,661.386,698.34535199,786,748,784,788,814
Latvia,--,--,--,--,--,--,--,--,--,--,--,--,,,,,,,,,,,,,,,,,,,,,,,
Lebanon,,,,,,,,,,,,,,,,,,,,,,,,,,,,,,,,,,,
Lesotho,,,,,,,,,,,,,,,,,,,,,,,,,,,,,,,,,,,
Liberia,,,,,,,,,,,,,,,,,,,,,,,,,,,,,,,,,,,
Libya,,,,,,,,,,,,,,,,,,,,,,,,,,,,,,,,,,,
Lithuania,--,--,--,--,--,--,--,--,--,--,--,--,,,,,,,,,,,,,,,,,,,,,,,
Luxembourg,,,,,,,,,,,,,,,,,,,,,,,,,,,,,,,,,,,
Macau,,,,,,,,,,,,,,,,,,,,,,,,,,,,,,,,,,,
Macedonia,--,--,--,--,--,--,--,--,--,--,--,--,7691.91918,7624.67827,7561.8466,7990.64519,7876.00495,7385.477,9012.48656,8129.53625,8284.96196,8935.32486,8355.5098,8137.25242,7986.23595,7584.99511,7318.23609,7174.93579,8410.6253,8185.75406,7412,9049,8058,7370,7857
Madagascar,,,,,,,,,,,,,,,,,,,,,,,,,,,,,,,,,,,
Malawi,,,,,,,,,,,,,,,,,,,,69.71017,86.796,53.20857,65.84106,72.86278,55.11557,49.60401,60.62712,66.13868,57.62884,59.52481,60,60,60,60,78
Malaysia,,,,,,,23.60379,95.90109,98.10571,119.59417,122.35656,198.27495,193.63201,133.37967,147.70972,123.45887,241.40619,240.30388,347.22808,273.37322,423.28756,601.862,389.11591,192.90449,428.99313,868.62028,993.18131,1184.98325,1382.29844,2356.74169,2642,3214,3252,3190,3190
Maldives,,,,,,,,,,,,,,,,,,,,,,,,,,,,,,,,,,,
Mali,,,,,,,,,,,,,,,,,,,,,,,,,,,,,,,,,,,
Malta,,,,,,,,,,,,,,,,,,,,,,,,,,,,,,,,,,,
Martinique,,,,,,,,,,,,,,,,,,,,,,,,,,,,,,,,,,,
Mauritania,,,,,,,,,,,,,,,,,,,,,,,,,,,,,,,,,,,
Mauritius,,,,,,,,,,,,,,,,,,,,,,,,,,,,,,,,,,,
Mexico,3405.03559,3353.22702,4032.24998,5121.33226,5579.89322,5724.29583,6200.49375,6851.95896,6117.8205,6571.97222,7642.31523,7124.22953,6728.50024,7291.78065,9808.35438,10273.5292,11359.30455,11469.53555,12381.14592,11382.45306,12504.60464,12505.70695,12107.77304,10581.07369,10893.02742,11855.34405,12662.23497,13794.30734,12599.4033,11627.16588,12397,15122,15053,14402,14810
Moldova,--,--,--,--,--,--,--,--,--,--,--,--,286.60095,197.31373,122.35656,35.27396,39.68321,52.91095,8.81849,,,,,,,,,,,,,,,,
Mongolia,5817.522443,4743.24578,5934.23516,5997.8455,5986.65299,7190.36813,7787.82015,8559.43715,9486.47986,8868.08395,7889.23267,7756.95547,6886.13057,6191.67527,5685.71498,5532.49389,5632.8041,5427.77444,5574.38167,5471.86684,5715.47735,5666.97571,6111.20664,5852.16379,5952.474,8284.96196,9215.3116,10394.7833,11318.51908,15928.3795,27793,32625,29113,28552,33960
Montenegro,--,--,--,--,--,--,--,--,--,--,--,--,--,--,--,--,--,--,--,--,--,--,--,--,--,--,1666.69272,1326.07893,1918.0194,1054.91067,2136,2175,1969,1865,1824
Montserrat,,,,,,,,,,,,,,,,,,,,,,,,,,,,,,,,,,,
Morocco,749.5708,774.92393,810.19785,827.83481,923.73578,854.29025,854.29025,698.86454,701.06916,555.56424,579.81506,607.37281,634.93056,665.79524,716.5015,716.5015,557.76886,414.46856,296.52139,142.19799,34.17161,2.20462,,,26.45544,13.22772,4.40924,,,,,,,,
Mozambique,,,,,,,,,,,,,,,,,22.04623,20.943915,19.8416,23.14851,26.45544,33.0693,48.50164,40.78547,18.73927,13.30693,45.19471,26.45544,41.88778,41.88778,39,680,4993,6992,10031
Namibia,--,--,--,--,--,--,--,,,,,,,,,,,,,,,,,,,,,,,,,,,,
Nauru,,,,,,,,,,,,,,,,,,,,,,,,,,,,,,,,,,,
Nepal,8.98384,9.93183,9.72018,10.0167,9.22855,8.27285,5.51156,,,,,,2.20462,2.20462,2.20462,6.61386,7.71617,8.81848,12.12541,19.84158,18.73927,11.0231,13.22772,12.12541,9.92079,10.20628829,13.18693453,18.04922394,15.26148195,16.33513189,15,3.7,12,16,21
Netherlands,,,,,,,,,,,,,,,,,,,,,,,,,,,,,,,,,,,
Netherlands Antilles,,,,,,,,,,,,,,,,,,,,,,,,,,,,,,,,,,,
New Caledonia,,,,,,,,,,,,,,,,,,,,,,,,,,,,,,,,,,,
New Zealand,2383.90300533,2421.65822514,2474.00692704,2726.59795661,2785.14825457,2634.5319231,2775.55815757,2448.22610076,2687.51004401,2990.58466696,2842.3724736,2964.13914775,3326.83661629,3678.19682648,3343.56527285,3942.76555651,3979.94757512,3932.39399888,3446.2289147,3864.4012363,3811.14533327,4311.57092476,4915.13304909,5709.84564821,5682.84236014,5806.04424191,6253.98995661,5329.42523949,5325.92871217,5030.2084447,5876,5451,5430,5099,4374
Nicaragua,,,,,,,,,,,,,,,,,,,,,,,,,,,,,,,,,,,
Niger,22.04623,33.06934,49.60401,143.30048,165.3467,166.44902,136.68661,180.77906,170.85826,188.49524,189.59755,189.59755,187.39293,189.59755,189.59755,190.69987,190.69987,191.80218,191.80218,192.90449,174.38566,180.00745,201.61275,208.22662,260.78923,200.68681,194.35954,188.82153,201.62598,248.01975,272,271,259,263,290
Nigeria,194.00656,127.86796,61.72936,58.42243,83.77556,154.3234,158.73264,159.83495,90.38942,92.59404,99.2079,110.231,95.90097,30.86468,27.55775,22.0462,8.81848,11.0231,13.22772,17.63696,3.30693,25.35313,47.39933,25.35313,3.30693,8.81848,17.085805,25.35313,30.1040861,42.45216272,45,50,43,49,49
Niue,,,,,,,,,,,,,,,,,,,,,,,,,,,,,,,,,,,
Northern Mariana Islands,-,-,-,-,-,-,-,-,-,-,-,-,-,-,-,-,-,-,-,-,-,-,-,-,-,-,-,-,-,-,-,-,-,-,-
Norway,317.46528,451.9471,485.0164,553.35962,497.14181,558.87117,481.70947,439.82169,291.00984,373.68309,333.99993,363.7623,395.72929,295.41908,331.79531,321.87452,253.5313,425.49166,361.55768,445.33324,696.65992,1970.93028,2350.12492,3245.20064,3201.10824,1621.49801,2640.03245,4489.70863,3780.9233,2911.20071,2133,1528,1355,2045,1846
Oman,,,,,,,,,,,,,,,,,,,,,,,,,,,,,,,,,,,
Pakistan,1905.27151,1883.39977,2144.64555,1955.09048,2123.43749,2389.70521,2330.87264,2377.35932,3006.45172,2887.17391,3032.85648,3183.24813,3387.61555,3388.91628,3543.34128,3354.15599,3819.63673,3854.17876,3815.09962,3491.02008,3410.55135,3668.4922,3650.85522,3610.0697,5056.30221,5369.35863,4015.72028,4545.93205,4121.54217,3837.14584,3804,3983,3504,3101,3659
Palestinian Territories,--,--,--,--,--,--,--,--,--,--,--,--,--,--,--,--,--,,,,,,,,,,,,,,,,,,
Panama,,,,,,,,,,,,,,,,,,,,,,,,,,,,,,,,,,,
Papua New Guinea,,,,,,,,,,,,,,,,,,,,,,,,,,,,,,,,,,,
Paraguay,,,,,,,,,,,,,,,,,,,,,,,,,,,,,,,,,,,
Peru,53.51722,115.9356,90.74778,115.85292,132.30492,163.94126,191.25102,139.93843,155.20544,132.5805,107.14577,62.60026,94.77673,91.59656,69.47207,56.67644,22.81674,24.30156,23.18271,23.7989,18.33144,20.78959,24.35006,17.27322,26.2680473,24.52860212,32.55672585,307.69660878,144.05758697,156.62612559,133,201,250,208,273
Philippines,362.65999,364.86461,615.08898,1124.3562,1340.40896,1391.11522,1362.45516,1331.59048,1496.93698,1499.1416,1370.17133,1461.66306,1830.93691,1743.85442,1597.24719,1464.96999,1221.35948,1186.08556,1275.37267,1297.41887,1491.42543,1355.8413,1835.34615,2237.6893,3004.89706,3486.60653,2852.77828,4119.33247,4383.88687,5705.55656,8088,8390,8987,7817,10487
Poland,253516.96997,218960.65378,250183.58453,257526.07144,266725.9507,274902.88628,285870.87078,293440.43355,293439.33124,274674.70811,237081.52787,230860.09023,218439.26115,218424.93112,220348.46207,220172.09247,221446.36283,220790.48838,196172.59915,187570.17191,178246.83393,179491.34192,177398.05523,179212.45749,178260.06165,174987.30326,171134.72981,159773.22064,157992.98999,148355.49366,146257,152680,158197,156875,150374
Portugal,195.10887,202.82504,196.21118,203.92735,213.84814,261.24747,260.14516,287.70291,253.5313,284.39598,309.74911,297.6237,243.61051,217.15507,162.03957,,,,,,,,,,,,,,,,,,,,
Puerto Rico,,,,,,,,,,,,,,,,,,,,,,,,,,,,,,,,,,,
Qatar,,,,,,,,,,,,,,,,,,,,,,,,,,,,,,,,,,,
Reunion,,,,,,,,,,,,,,,,,,,,,,,,,,,,,,,,,,,
Romania,38761.62884,40705.00137,41731.25198,49078.14813,48810.2868,51346.70211,52381.7712,56795.42044,64765.12174,67619.00233,42089.50273,35730.27634,42295.6347,43817.92481,44695.36357,45328.08951,46152.61739,37265.79417,28914.69361,25223.05742,32281.14835,36694.79759,33525.65634,36445.67553,35044.63952,34288.45486,38495.97213,39440.6518,39529.93891,37435.54991,34312,39145,37418,27250,25976
Russia,--,--,--,--,--,--,--,--,--,--,--,--,348764.27014,315631.03616,280686.70685,270868.43168,264924.77616,252837.94701,241034.41153,259241.2658,264911.54844,273414.76778,261886.8098,283270.52149,285436.56064,311822.55511,313679.94746,318590.73851,336162.66222,304227.63921,329258,325887,363058,359339,393765
Rwanda,,,,,,,,,,,,,,,,,,,,,,,,,,,,,,,,,,,
Saint Helena,,,,,,,,,,,,,,,,,,,,,,,,,,,,,,,,,,,
Saint Kitts and Nevis,,,,,,,,,,,,,,,,,,,,,,,,,,,,,,,,,,,
Saint Lucia,,,,,,,,,,,,,,,,,,,,,,,,,,,,,,,,,,,
Saint Pierre and Miquelon,,,,,,,,,,,,,,,,,,,,,,,,,,,,,,,,,,,
Saint Vincent/Grenadines,,,,,,,,,,,,,,,,,,,,,,,,,,,,,,,,,,,
Samoa,,,,,,,,,,,,,,,,,,,,,,,,,,,,,,,,,,,
Sao Tome and Principe,,,,,,,,,,,,,,,,,,,,,,,,,,,,,,,,,,,
Saudi Arabia,,,,,,,,,,,,,,,,,,,,,,,,,,,,,,,,,,,
Senegal,,,,,,,,,,,,,,,,,,,,,,,,,,,,,,,,,,,
Serbia,--,--,--,--,--,--,--,--,--,--,--,--,--,--,--,--,--,--,--,--,--,--,--,--,--,--,40542.9618,40948.61188,42669.31779,42437.83269,41861,45310,42146,44420,33081
Seychelles,,,,,,,,,,,,,,,,,,,,,,,,,,,,,,,,,,,
Sierra Leone,,,,,,,,,,,,,,,,,,,,,,,,,,,,,,,,,,,
Singapore,,,,,,,,,,,,,,,,,,,,,,,,,,,,,,,,,,,
Slovakia,--,--,--,--,--,--,--,--,--,--,--,--,--,3909.89357,4005.79454,4143.58329,4220.74499,4315.54365,4355.22681,4131.45788,4021.22688,3774.30944,3752.26324,3413.85407,3254.01912,2767.90041,2426.18431,2326.97641,2670.89713,2836.24363,2621,2619,2526,2594,2412
Slovenia,--,--,--,--,--,--,--,--,--,--,--,--,6144.27594,5644.92951,5350.61274,5383.68204,5254.71177,5434.3883,5373.76125,5022.12436,4938.3488,4555.84723,5165.42466,5324.1573,5301.00879,5004.4874,4984.64582,4998.97585,4982.4412,4882.13099,4883,4961,4716,4273,3426
Solomon Islands,,,,,,,,,,,,,,,,,,,,,,,,,,,,,,,,,,,
Somalia,,,,,,,,,,,,,,,,,,,,,,,,,,,,,,,,,,,
South Africa,126897.9272,140875.218,152669.935,160496.336,179566.299,191250.785,194778.177,194667.946,199959.034,194337.253,192683.788,196431.642,192242.864,207470.17434,215837.80955,227308.44741,227474.89622,242588.66863,245789.77687,246381.71734,247137.902,246432.4236,242742.99203,263177.61481,268270.871234,270052.993448,269881.23922,273005.103087,278017.306657,276170.680569,283521,278616,285031,282812,288142
Spain,31186.5926,38633.80813,43622.86938,44040.64575,43642.71135,43720.97545,42240.5713,38130.05224,35097.59369,40180.35137,39332.62542,36995.72822,36895.41801,34814.25673,32664.75223,31200.88455,29751.3469,29200.1919,28812.17878,26785.03069,25872.31801,24998.18618,24288.29854,22665.69822,22583.02497,21474.10111,20334.31257,18939.89042,11229.23197,10411.31795,9292,7298,6813,4815,4298
Sri Lanka,,,,,,,,,,,,,,,,,,,,,,,,,,,,,,,,,,,
Sudan and South Sudan,,,,,,,,,,,,,,,,,,,,,,,,,,,,,,,,,,,
Suriname,,,,,,,,,,,,,,,,,,,,,,,,,,,,,,,,,,,
Swaziland,194.0068,180.77906,180.77906,112.43576,137.78892,182.98369,189.59755,181.88137,160.937458,168.653529,176.3696,135.58413,110.231,55.1155,251.32668,189.59732,142.19799,223.76893,451.9471,469.58406,418.8778,347.22765,467.37944,494.56681384,538.27340534,497.14181,342.3444167,265.96866373,192.69150417,142.91118457,161,133,276,249,283
Sweden,19.8416,17.63696,14.33005,14.33005,14.33005,13.22774,13.22774,27.55778,17.63696,22.04623,12.12541,30.86468,40.78547,,,,,,,,,,,,,,,,,,,,,,
Switzerland,,,,,,,,,,,,,,,,,,,,,,,,,,,,,,,,,,,
Syria,,,,,,,,,,,,,,,,,,,,,,,,,,,,,,,,,,,
Taiwan,2836.79828,2696.03312,2627.44621,2464.83985,2216.50012,2047.93798,1901.51355,1652.62928,1350.86824,864.66295,520.34608,443.763,369.07699,361.53388,314.26787,259.28678,162.5314,109.22693,87.23692,101.05219,91.69026,,,,,,,,,,,,,,
Tajikistan,--,--,--,--,--,--,--,--,--,--,--,--,456.35634,412.26394,120.15179,45.19471,22.0462,18.73927,20.94389,20.94389,24.25082,26.45544,39.68316,51.80857,102.51483,109.12869,115.74255,199.51811,219.35969,222.66662,220,260,454,569,606
Tanzania,1.10231,1.10231,1.10231,11.0231,11.0231,16.53465,4.40924,3.30693,3.30693,3.30693,4.40924,4.40924,4.40924,48.50164,50.70626,48.50164,62.83167,30.86468,49.60395,82.67325,87.28531504,85.74759259,87.3139751,60.1971491,71.69534471,33.94563645,19.7754414,29.98062738,16.80140902,,0.2,89,87,142,127
Thailand,1681.02275,1899.28013,2504.44832,2376.58036,2748.05883,5718.78428,6036.24956,7607.04131,8001.66829,9811.66131,13691.79251,16191.83159,16928.17467,17136.51126,18843.98945,20305.65251,23677.6188,25786.33783,22225.87653,20134.79446,19519.70548,21624.01527,21607.48062,20770.82733,22112.3386,23014.02818,20944.99231,20105.03209,19821.73842,19605.68566,20221,23509,19918,19391,19820
Timor-Leste (East Timor),--,--,--,--,--,--,--,--,--,--,--,--,--,--,--,--,--,--,--,--,--,--,--,,,,,,,,,,,,
Togo,,,,,,,,,,,,,,,,,,,,,,,,,,,,,,,,,,,
Tonga,,,,,,,,,,,,,,,,,,,,,,,,,,,,,,,,,,,
Trinidad and Tobago,,,,,,,,,,,,,,,,,,,,,,,,,,,,,,,,,,,
Tunisia,,,,,,,,,,,,,,,,,,,,,,,,,,,,,,,,,,,
Turkey,20530.52375,23155.12386,24991.57232,27827.81595,33038.43532,44089.09307,51165.92327,51795.34228,43230.39358,57550.50279,52280.35868,50825.30948,56692.90561,53528.1736,59933.69701,60707.51863,62129.49853,66060.33599,74276.95473,73896.65778,69740.94908,68450.14407,59507.10304,53531.48053,51121.83087,64308.7654,70828.92905,83074.49084,87525.61862,87632.54269,80908,83903,78772,66572,70702
Turkmenistan,--,--,--,--,--,--,--,--,--,--,--,--,,,,,,,,,,,,,,,,,,,,,,,
Turks and Caicos Islands,,,,,,,,,,,,,,,,,,,,,,,,,,,,,,,,,,,
U.S. Pacific Islands,,,,,,,,,,,,,,,,,,,,,,,,,,,,,,,,,,,
U.S. Territories,-,-,-,-,-,-,-,-,-,-,-,-,-,-,-,-,-,-,-,-,-,-,-,-,-,-,-,-,-,-,-,-,-,-,-
Uganda,,,,,,,,,,,,,,,,,,,,,,,,,,,,,,,,,,,
Ukraine,--,--,--,--,--,--,--,--,--,--,--,--,136008.51935,116543.92937,95352.01962,84104.04838,62790.88453,64567.80825,65618.30968,69248.21651,68787.45093,67994.89004,67853.79436,70803.57592,65685.55059,66536.53391,67980.56001,70782.63203,71032.8564,65735.15454,63558,69097,72227,71019,49997
United Arab Emirates,,,,,,,,,,,,,,,,,,,,,,,,,,,,,,,,,,,
United Kingdom,143407,140510,137470,131455,56418,103739,119159,115228,114713,110033,102252,104633,93137,75176,54879,58463,55333,53457,45390,40870,34390,35197,33057,31172,27664,22595,20411,18747,19901,19703,20223,20450,18703,13969,12839
United States,829700,823775,838112,782091,895920.767,883638.117,890314.708,918762.162,950265.278,980728.79,1029075.527,995983.881,997544.933,945424.288,1033504.288,1032973.77,1063855.51,1089931.782,1117535.16,1100431.43,1073611.56,1127688.806,1094283.044,1071752.573,1112098.87,1131498.099,1162749.659,1146635.345,1171808.669,1074923.392,1084368,1095628,1016458,984842,1000049
Uruguay,,,,,,,,,,,,,,,,,,,,,,,,,,,,,,,,,,,
Uzbekistan,--,--,--,--,--,--,--,--,--,--,--,--,6096.87661,5133.45767,5125.7415,3366.45474,3127.25347,3248.50757,3222.05213,3273.8607,2832.9367,2988.36241,3015.92016,2108.71903,3068.83104,3390.70556,3565.97285,3794.15102,3626.5999,4027.84074,4001,4237,4247,4441,4850
Vanuatu,,,,,,,,,,,,,,,,,,,,,,,,,,,,,,,,,,,
Venezuela,46.29702,54.01319,56.21781,40.78547,56.21781,44.0924,62.83167,68.34322,1201.5179,2342.40875,2412.95659,2397.52425,2700.6595,4205.31265,4715.68218,4479.78784,4011.30609,5672.48726,8218.82336,7693.02149,8691.71435,8361.02135,8122.92239,7503.42417,7438.38788,7931.12045,7697.43073,6720.78407,5425.56982,4109.41168,2899,2878,2107,1194,2533
Vietnam,5732.012,6613.86,6922.5068,6944.553,5511.55,6166.32214,6748.34182,6979.82692,6678.89629,5661.46416,5100.38837,5736.42124,5767.28592,6145.37825,6786.92267,9204.2885,10827.99113,12553.10628,12866.16232,10614.14299,12796.71679,14767.64707,18087.80479,21290.01534,30147.07619,37581.05483,42745.37718,46829.43573,43846.58487,48587.62018,49422,51380,46389,45233,39437
"Virgin Islands,  U.S.",,,,,,,,,,,,,,,,,,,,,,,,,,,,,,,,,,,
"Virgin Islands, British",,,,,,,,,,,,,,,,,,,,,,,,,,,,,,,,,,,
Wake Island,,,,,,,,,,,,,,,,,,,,,,,,,,,,,,,,,,,
Western Sahara,,,,,,,,,,,,,,,,,,,,,,,,,,,,,,,,,,,
Yemen,,,,,,,,,,,,,,,,,,,,,,,,,,,,,,,,,,,
Zambia,628.55116,560.31478,667.55755,500.01064,566.87244,562.79609,608.69633,510.40543,577.22645,452.52417,415.81169,380.66118,465.16327,366.88119,179.56542,167.41244,186.29062,87.08249,181.26716333,204.71770627,140.93474274,185.18808,115.301626,79.035627,79.145858,164.24419,71.65015,15.43234,3.858085,61.72936,,,57,194,224
Zimbabwe,3051.19784,2727.1183,2858.29336,2880.33958,2996.08228,3421.57446,3953.99085,5360.54014,5167.63565,5282.27603,5891.85422,6641.42594,6567.57108,5894.05884,5463.0551,5173.14721,4871.1139,4423.57549,4596.63837,5099.29235,4695.84639,4479.78784,4101.69551,3165.83432,2729.31956,3186.77821,2322.56717,2292.8048,2146.19757,1929.0425,2941,2824,3858,5490,6158
